date,gas_price,uber_ride,groceries_basket,rent_index,streaming_cost,gas_price_idx,uber_ride_idx,groceries_basket_idx,rent_index_idx,streaming_cost_idx,RIPI,cpi,cpi_idx,ripi_minus_cpi_idx
2024-01-01,3.221,259.616,12.599,411.6,579.733,100.0,100.0,100.0,100.0,100.0,100.0,309.698,100.0,0.0
2024-01-02,3.221,259.616,12.599,411.6,579.733,100.0,100.0,100.0,100.0,100.0,100.0,309.698,100.0,0.0
2024-01-03,3.221,259.616,12.599,411.6,579.733,100.0,100.0,100.0,100.0,100.0,100.0,309.698,100.0,0.0
2024-01-04,3.221,259.616,12.599,411.6,579.733,100.0,100.0,100.0,100.0,100.0,100.0,309.698,100.0,0.0
2024-01-05,3.221,259.616,12.599,411.6,579.733,100.0,100.0,100.0,100.0,100.0,100.0,309.698,100.0,0.0
2024-01-06,3.221,259.616,12.599,411.6,579.733,100.0,100.0,100.0,100.0,100.0,100.0,309.698,100.0,0.0
2024-01-07,3.221,259.616,12.599,411.6,579.733,100.0,100.0,100.0,100.0,100.0,100.0,309.698,100.0,0.0
2024-01-08,3.221,259.616,12.599,411.6,579.733,100.0,100.0,100.0,100.0,100.0,100.0,309.698,100.0,0.0
2024-01-09,3.221,259.616,12.599,411.6,579.733,100.0,100.0,100.0,100.0,100.0,100.0,309.698,100.0,0.0
2024-01-10,3.221,259.616,12.599,411.6,579.733,100.0,100.0,100.0,100.0,100.0,100.0,309.698,100.0,0.0
2024-01-11,3.221,259.616,12.599,411.6,579.733,100.0,100.0,100.0,100.0,100.0,100.0,309.698,100.0,0.0
2024-01-12,3.221,259.616,12.599,411.6,579.733,100.0,100.0,100.0,100.0,100.0,100.0,309.698,100.0,0.0
2024-01-13,3.221,259.616,12.599,411.6,579.733,100.0,100.0,100.0,100.0,100.0,100.0,309.698,100.0,0.0
2024-01-14,3.221,259.616,12.599,411.6,579.733,100.0,100.0,100.0,100.0,100.0,100.0,309.698,100.0,0.0
2024-01-15,3.221,259.616,12.599,411.6,579.733,100.0,100.0,100.0,100.0,100.0,100.0,309.698,100.0,0.0
2024-01-16,3.221,259.616,12.599,411.6,579.733,100.0,100.0,100.0,100.0,100.0,100.0,309.698,100.0,0.0
2024-01-17,3.221,259.616,12.599,411.6,579.733,100.0,100.0,100.0,100.0,100.0,100.0,309.698,100.0,0.0
2024-01-18,3.221,259.616,12.599,411.6,579.733,100.0,100.0,100.0,100.0,100.0,100.0,309.698,100.0,0.0
2024-01-19,3.221,259.616,12.599,411.6,579.733,100.0,100.0,100.0,100.0,100.0,100.0,309.698,100.0,0.0
2024-01-20,3.221,259.616,12.599,411.6,579.733,100.0,100.0,100.0,100.0,100.0,100.0,309.698,100.0,0.0
2024-01-21,3.221,259.616,12.599,411.6,579.733,100.0,100.0,100.0,100.0,100.0,100.0,309.698,100.0,0.0
2024-01-22,3.221,259.616,12.599,411.6,579.733,100.0,100.0,100.0,100.0,100.0,100.0,309.698,100.0,0.0
2024-01-23,3.221,259.616,12.599,411.6,579.733,100.0,100.0,100.0,100.0,100.0,100.0,309.698,100.0,0.0
2024-01-24,3.221,259.616,12.599,411.6,579.733,100.0,100.0,100.0,100.0,100.0,100.0,309.698,100.0,0.0
2024-01-25,3.221,259.616,12.599,411.6,579.733,100.0,100.0,100.0,100.0,100.0,100.0,309.698,100.0,0.0
2024-01-26,3.221,259.616,12.599,411.6,579.733,100.0,100.0,100.0,100.0,100.0,100.0,309.698,100.0,0.0
2024-01-27,3.221,259.616,12.599,411.6,579.733,100.0,100.0,100.0,100.0,100.0,100.0,309.698,100.0,0.0
2024-01-28,3.221,259.616,12.599,411.6,579.733,100.0,100.0,100.0,100.0,100.0,100.0,309.698,100.0,0.0
2024-01-29,3.221,259.616,12.599,411.6,579.733,100.0,100.0,100.0,100.0,100.0,100.0,309.698,100.0,0.0
2024-01-30,3.221,259.616,12.599,411.6,579.733,100.0,100.0,100.0,100.0,100.0,100.0,309.698,100.0,0.0
2024-01-31,3.221,259.616,12.599,411.6,579.733,100.0,100.0,100.0,100.0,100.0,100.0,309.698,100.0,0.0
2024-02-01,3.359,267.166,13.047,413.427,582.851,104.28438373176033,102.9081412547763,103.55583776490198,100.44387755102039,100.5378337959026,102.1816765238975,310.967,100.40975401843086,1.7719225054666339
2024-02-02,3.359,267.166,13.047,413.427,582.851,104.28438373176033,102.9081412547763,103.55583776490198,100.44387755102039,100.5378337959026,102.1816765238975,310.967,100.40975401843086,1.7719225054666339
2024-02-03,3.359,267.166,13.047,413.427,582.851,104.28438373176033,102.9081412547763,103.55583776490198,100.44387755102039,100.5378337959026,102.1816765238975,310.967,100.40975401843086,1.7719225054666339
2024-02-04,3.359,267.166,13.047,413.427,582.851,104.28438373176033,102.9081412547763,103.55583776490198,100.44387755102039,100.5378337959026,102.1816765238975,310.967,100.40975401843086,1.7719225054666339
2024-02-05,3.359,267.166,13.047,413.427,582.851,104.28438373176033,102.9081412547763,103.55583776490198,100.44387755102039,100.5378337959026,102.1816765238975,310.967,100.40975401843086,1.7719225054666339
2024-02-06,3.359,267.166,13.047,413.427,582.851,104.28438373176033,102.9081412547763,103.55583776490198,100.44387755102039,100.5378337959026,102.1816765238975,310.967,100.40975401843086,1.7719225054666339
2024-02-07,3.359,267.166,13.047,413.427,582.851,104.28438373176033,102.9081412547763,103.55583776490198,100.44387755102039,100.5378337959026,102.1816765238975,310.967,100.40975401843086,1.7719225054666339
2024-02-08,3.359,267.166,13.047,413.427,582.851,104.28438373176033,102.9081412547763,103.55583776490198,100.44387755102039,100.5378337959026,102.1816765238975,310.967,100.40975401843086,1.7719225054666339
2024-02-09,3.359,267.166,13.047,413.427,582.851,104.28438373176033,102.9081412547763,103.55583776490198,100.44387755102039,100.5378337959026,102.1816765238975,310.967,100.40975401843086,1.7719225054666339
2024-02-10,3.359,267.166,13.047,413.427,582.851,104.28438373176033,102.9081412547763,103.55583776490198,100.44387755102039,100.5378337959026,102.1816765238975,310.967,100.40975401843086,1.7719225054666339
2024-02-11,3.359,267.166,13.047,413.427,582.851,104.28438373176033,102.9081412547763,103.55583776490198,100.44387755102039,100.5378337959026,102.1816765238975,310.967,100.40975401843086,1.7719225054666339
2024-02-12,3.359,267.166,13.047,413.427,582.851,104.28438373176033,102.9081412547763,103.55583776490198,100.44387755102039,100.5378337959026,102.1816765238975,310.967,100.40975401843086,1.7719225054666339
2024-02-13,3.359,267.166,13.047,413.427,582.851,104.28438373176033,102.9081412547763,103.55583776490198,100.44387755102039,100.5378337959026,102.1816765238975,310.967,100.40975401843086,1.7719225054666339
2024-02-14,3.359,267.166,13.047,413.427,582.851,104.28438373176033,102.9081412547763,103.55583776490198,100.44387755102039,100.5378337959026,102.1816765238975,310.967,100.40975401843086,1.7719225054666339
2024-02-15,3.359,267.166,13.047,413.427,582.851,104.28438373176033,102.9081412547763,103.55583776490198,100.44387755102039,100.5378337959026,102.1816765238975,310.967,100.40975401843086,1.7719225054666339
2024-02-16,3.359,267.166,13.047,413.427,582.851,104.28438373176033,102.9081412547763,103.55583776490198,100.44387755102039,100.5378337959026,102.1816765238975,310.967,100.40975401843086,1.7719225054666339
2024-02-17,3.359,267.166,13.047,413.427,582.851,104.28438373176033,102.9081412547763,103.55583776490198,100.44387755102039,100.5378337959026,102.1816765238975,310.967,100.40975401843086,1.7719225054666339
2024-02-18,3.359,267.166,13.047,413.427,582.851,104.28438373176033,102.9081412547763,103.55583776490198,100.44387755102039,100.5378337959026,102.1816765238975,310.967,100.40975401843086,1.7719225054666339
2024-02-19,3.359,267.166,13.047,413.427,582.851,104.28438373176033,102.9081412547763,103.55583776490198,100.44387755102039,100.5378337959026,102.1816765238975,310.967,100.40975401843086,1.7719225054666339
2024-02-20,3.359,267.166,13.047,413.427,582.851,104.28438373176033,102.9081412547763,103.55583776490198,100.44387755102039,100.5378337959026,102.1816765238975,310.967,100.40975401843086,1.7719225054666339
2024-02-21,3.359,267.166,13.047,413.427,582.851,104.28438373176033,102.9081412547763,103.55583776490198,100.44387755102039,100.5378337959026,102.1816765238975,310.967,100.40975401843086,1.7719225054666339
2024-02-22,3.359,267.166,13.047,413.427,582.851,104.28438373176033,102.9081412547763,103.55583776490198,100.44387755102039,100.5378337959026,102.1816765238975,310.967,100.40975401843086,1.7719225054666339
2024-02-23,3.359,267.166,13.047,413.427,582.851,104.28438373176033,102.9081412547763,103.55583776490198,100.44387755102039,100.5378337959026,102.1816765238975,310.967,100.40975401843086,1.7719225054666339
2024-02-24,3.359,267.166,13.047,413.427,582.851,104.28438373176033,102.9081412547763,103.55583776490198,100.44387755102039,100.5378337959026,102.1816765238975,310.967,100.40975401843086,1.7719225054666339
2024-02-25,3.359,267.166,13.047,413.427,582.851,104.28438373176033,102.9081412547763,103.55583776490198,100.44387755102039,100.5378337959026,102.1816765238975,310.967,100.40975401843086,1.7719225054666339
2024-02-26,3.359,267.166,13.047,413.427,582.851,104.28438373176033,102.9081412547763,103.55583776490198,100.44387755102039,100.5378337959026,102.1816765238975,310.967,100.40975401843086,1.7719225054666339
2024-02-27,3.359,267.166,13.047,413.427,582.851,104.28438373176033,102.9081412547763,103.55583776490198,100.44387755102039,100.5378337959026,102.1816765238975,310.967,100.40975401843086,1.7719225054666339
2024-02-28,3.359,267.166,13.047,413.427,582.851,104.28438373176033,102.9081412547763,103.55583776490198,100.44387755102039,100.5378337959026,102.1816765238975,310.967,100.40975401843086,1.7719225054666339
2024-02-29,3.359,267.166,13.047,413.427,582.851,104.28438373176033,102.9081412547763,103.55583776490198,100.44387755102039,100.5378337959026,102.1816765238975,310.967,100.40975401843086,1.7719225054666339
2024-03-01,3.581,266.364,12.988,415.08,585.575,111.1766532132878,102.59922346850733,103.08754663068498,100.84548104956268,101.00770527121969,103.24306826549225,312.345,100.85470361448895,2.3883646510033003
2024-03-02,3.581,266.364,12.988,415.08,585.575,111.1766532132878,102.59922346850733,103.08754663068498,100.84548104956268,101.00770527121969,103.24306826549225,312.345,100.85470361448895,2.3883646510033003
2024-03-03,3.581,266.364,12.988,415.08,585.575,111.1766532132878,102.59922346850733,103.08754663068498,100.84548104956268,101.00770527121969,103.24306826549225,312.345,100.85470361448895,2.3883646510033003
2024-03-04,3.581,266.364,12.988,415.08,585.575,111.1766532132878,102.59922346850733,103.08754663068498,100.84548104956268,101.00770527121969,103.24306826549225,312.345,100.85470361448895,2.3883646510033003
2024-03-05,3.581,266.364,12.988,415.08,585.575,111.1766532132878,102.59922346850733,103.08754663068498,100.84548104956268,101.00770527121969,103.24306826549225,312.345,100.85470361448895,2.3883646510033003
2024-03-06,3.581,266.364,12.988,415.08,585.575,111.1766532132878,102.59922346850733,103.08754663068498,100.84548104956268,101.00770527121969,103.24306826549225,312.345,100.85470361448895,2.3883646510033003
2024-03-07,3.581,266.364,12.988,415.08,585.575,111.1766532132878,102.59922346850733,103.08754663068498,100.84548104956268,101.00770527121969,103.24306826549225,312.345,100.85470361448895,2.3883646510033003
2024-03-08,3.581,266.364,12.988,415.08,585.575,111.1766532132878,102.59922346850733,103.08754663068498,100.84548104956268,101.00770527121969,103.24306826549225,312.345,100.85470361448895,2.3883646510033003
2024-03-09,3.581,266.364,12.988,415.08,585.575,111.1766532132878,102.59922346850733,103.08754663068498,100.84548104956268,101.00770527121969,103.24306826549225,312.345,100.85470361448895,2.3883646510033003
2024-03-10,3.581,266.364,12.988,415.08,585.575,111.1766532132878,102.59922346850733,103.08754663068498,100.84548104956268,101.00770527121969,103.24306826549225,312.345,100.85470361448895,2.3883646510033003
2024-03-11,3.581,266.364,12.988,415.08,585.575,111.1766532132878,102.59922346850733,103.08754663068498,100.84548104956268,101.00770527121969,103.24306826549225,312.345,100.85470361448895,2.3883646510033003
2024-03-12,3.581,266.364,12.988,415.08,585.575,111.1766532132878,102.59922346850733,103.08754663068498,100.84548104956268,101.00770527121969,103.24306826549225,312.345,100.85470361448895,2.3883646510033003
2024-03-13,3.581,266.364,12.988,415.08,585.575,111.1766532132878,102.59922346850733,103.08754663068498,100.84548104956268,101.00770527121969,103.24306826549225,312.345,100.85470361448895,2.3883646510033003
2024-03-14,3.581,266.364,12.988,415.08,585.575,111.1766532132878,102.59922346850733,103.08754663068498,100.84548104956268,101.00770527121969,103.24306826549225,312.345,100.85470361448895,2.3883646510033003
2024-03-15,3.581,266.364,12.988,415.08,585.575,111.1766532132878,102.59922346850733,103.08754663068498,100.84548104956268,101.00770527121969,103.24306826549225,312.345,100.85470361448895,2.3883646510033003
2024-03-16,3.581,266.364,12.988,415.08,585.575,111.1766532132878,102.59922346850733,103.08754663068498,100.84548104956268,101.00770527121969,103.24306826549225,312.345,100.85470361448895,2.3883646510033003
2024-03-17,3.581,266.364,12.988,415.08,585.575,111.1766532132878,102.59922346850733,103.08754663068498,100.84548104956268,101.00770527121969,103.24306826549225,312.345,100.85470361448895,2.3883646510033003
2024-03-18,3.581,266.364,12.988,415.08,585.575,111.1766532132878,102.59922346850733,103.08754663068498,100.84548104956268,101.00770527121969,103.24306826549225,312.345,100.85470361448895,2.3883646510033003
2024-03-19,3.581,266.364,12.988,415.08,585.575,111.1766532132878,102.59922346850733,103.08754663068498,100.84548104956268,101.00770527121969,103.24306826549225,312.345,100.85470361448895,2.3883646510033003
2024-03-20,3.581,266.364,12.988,415.08,585.575,111.1766532132878,102.59922346850733,103.08754663068498,100.84548104956268,101.00770527121969,103.24306826549225,312.345,100.85470361448895,2.3883646510033003
2024-03-21,3.581,266.364,12.988,415.08,585.575,111.1766532132878,102.59922346850733,103.08754663068498,100.84548104956268,101.00770527121969,103.24306826549225,312.345,100.85470361448895,2.3883646510033003
2024-03-22,3.581,266.364,12.988,415.08,585.575,111.1766532132878,102.59922346850733,103.08754663068498,100.84548104956268,101.00770527121969,103.24306826549225,312.345,100.85470361448895,2.3883646510033003
2024-03-23,3.581,266.364,12.988,415.08,585.575,111.1766532132878,102.59922346850733,103.08754663068498,100.84548104956268,101.00770527121969,103.24306826549225,312.345,100.85470361448895,2.3883646510033003
2024-03-24,3.581,266.364,12.988,415.08,585.575,111.1766532132878,102.59922346850733,103.08754663068498,100.84548104956268,101.00770527121969,103.24306826549225,312.345,100.85470361448895,2.3883646510033003
2024-03-25,3.581,266.364,12.988,415.08,585.575,111.1766532132878,102.59922346850733,103.08754663068498,100.84548104956268,101.00770527121969,103.24306826549225,312.345,100.85470361448895,2.3883646510033003
2024-03-26,3.581,266.364,12.988,415.08,585.575,111.1766532132878,102.59922346850733,103.08754663068498,100.84548104956268,101.00770527121969,103.24306826549225,312.345,100.85470361448895,2.3883646510033003
2024-03-27,3.581,266.364,12.988,415.08,585.575,111.1766532132878,102.59922346850733,103.08754663068498,100.84548104956268,101.00770527121969,103.24306826549225,312.345,100.85470361448895,2.3883646510033003
2024-03-28,3.581,266.364,12.988,415.08,585.575,111.1766532132878,102.59922346850733,103.08754663068498,100.84548104956268,101.00770527121969,103.24306826549225,312.345,100.85470361448895,2.3883646510033003
2024-03-29,3.581,266.364,12.988,415.08,585.575,111.1766532132878,102.59922346850733,103.08754663068498,100.84548104956268,101.00770527121969,103.24306826549225,312.345,100.85470361448895,2.3883646510033003
2024-03-30,3.581,266.364,12.988,415.08,585.575,111.1766532132878,102.59922346850733,103.08754663068498,100.84548104956268,101.00770527121969,103.24306826549225,312.345,100.85470361448895,2.3883646510033003
2024-03-31,3.581,266.364,12.988,415.08,585.575,111.1766532132878,102.59922346850733,103.08754663068498,100.84548104956268,101.00770527121969,103.24306826549225,312.345,100.85470361448895,2.3883646510033003
2024-04-01,3.776,268.637,12.791,416.49,589.982,117.23067370381868,103.47474731911748,101.52393047067227,101.18804664723031,101.76788280122058,104.10839218546066,313.023,101.07362656523453,3.034765620226125
2024-04-02,3.776,268.637,12.791,416.49,589.982,117.23067370381868,103.47474731911748,101.52393047067227,101.18804664723031,101.76788280122058,104.10839218546066,313.023,101.07362656523453,3.034765620226125
2024-04-03,3.776,268.637,12.791,416.49,589.982,117.23067370381868,103.47474731911748,101.52393047067227,101.18804664723031,101.76788280122058,104.10839218546066,313.023,101.07362656523453,3.034765620226125
2024-04-04,3.776,268.637,12.791,416.49,589.982,117.23067370381868,103.47474731911748,101.52393047067227,101.18804664723031,101.76788280122058,104.10839218546066,313.023,101.07362656523453,3.034765620226125
2024-04-05,3.776,268.637,12.791,416.49,589.982,117.23067370381868,103.47474731911748,101.52393047067227,101.18804664723031,101.76788280122058,104.10839218546066,313.023,101.07362656523453,3.034765620226125
2024-04-06,3.776,268.637,12.791,416.49,589.982,117.23067370381868,103.47474731911748,101.52393047067227,101.18804664723031,101.76788280122058,104.10839218546066,313.023,101.07362656523453,3.034765620226125
2024-04-07,3.776,268.637,12.791,416.49,589.982,117.23067370381868,103.47474731911748,101.52393047067227,101.18804664723031,101.76788280122058,104.10839218546066,313.023,101.07362656523453,3.034765620226125
2024-04-08,3.776,268.637,12.791,416.49,589.982,117.23067370381868,103.47474731911748,101.52393047067227,101.18804664723031,101.76788280122058,104.10839218546066,313.023,101.07362656523453,3.034765620226125
2024-04-09,3.776,268.637,12.791,416.49,589.982,117.23067370381868,103.47474731911748,101.52393047067227,101.18804664723031,101.76788280122058,104.10839218546066,313.023,101.07362656523453,3.034765620226125
2024-04-10,3.776,268.637,12.791,416.49,589.982,117.23067370381868,103.47474731911748,101.52393047067227,101.18804664723031,101.76788280122058,104.10839218546066,313.023,101.07362656523453,3.034765620226125
2024-04-11,3.776,268.637,12.791,416.49,589.982,117.23067370381868,103.47474731911748,101.52393047067227,101.18804664723031,101.76788280122058,104.10839218546066,313.023,101.07362656523453,3.034765620226125
2024-04-12,3.776,268.637,12.791,416.49,589.982,117.23067370381868,103.47474731911748,101.52393047067227,101.18804664723031,101.76788280122058,104.10839218546066,313.023,101.07362656523453,3.034765620226125
2024-04-13,3.776,268.637,12.791,416.49,589.982,117.23067370381868,103.47474731911748,101.52393047067227,101.18804664723031,101.76788280122058,104.10839218546066,313.023,101.07362656523453,3.034765620226125
2024-04-14,3.776,268.637,12.791,416.49,589.982,117.23067370381868,103.47474731911748,101.52393047067227,101.18804664723031,101.76788280122058,104.10839218546066,313.023,101.07362656523453,3.034765620226125
2024-04-15,3.776,268.637,12.791,416.49,589.982,117.23067370381868,103.47474731911748,101.52393047067227,101.18804664723031,101.76788280122058,104.10839218546066,313.023,101.07362656523453,3.034765620226125
2024-04-16,3.776,268.637,12.791,416.49,589.982,117.23067370381868,103.47474731911748,101.52393047067227,101.18804664723031,101.76788280122058,104.10839218546066,313.023,101.07362656523453,3.034765620226125
2024-04-17,3.776,268.637,12.791,416.49,589.982,117.23067370381868,103.47474731911748,101.52393047067227,101.18804664723031,101.76788280122058,104.10839218546066,313.023,101.07362656523453,3.034765620226125
2024-04-18,3.776,268.637,12.791,416.49,589.982,117.23067370381868,103.47474731911748,101.52393047067227,101.18804664723031,101.76788280122058,104.10839218546066,313.023,101.07362656523453,3.034765620226125
2024-04-19,3.776,268.637,12.791,416.49,589.982,117.23067370381868,103.47474731911748,101.52393047067227,101.18804664723031,101.76788280122058,104.10839218546066,313.023,101.07362656523453,3.034765620226125
2024-04-20,3.776,268.637,12.791,416.49,589.982,117.23067370381868,103.47474731911748,101.52393047067227,101.18804664723031,101.76788280122058,104.10839218546066,313.023,101.07362656523453,3.034765620226125
2024-04-21,3.776,268.637,12.791,416.49,589.982,117.23067370381868,103.47474731911748,101.52393047067227,101.18804664723031,101.76788280122058,104.10839218546066,313.023,101.07362656523453,3.034765620226125
2024-04-22,3.776,268.637,12.791,416.49,589.982,117.23067370381868,103.47474731911748,101.52393047067227,101.18804664723031,101.76788280122058,104.10839218546066,313.023,101.07362656523453,3.034765620226125
2024-04-23,3.776,268.637,12.791,416.49,589.982,117.23067370381868,103.47474731911748,101.52393047067227,101.18804664723031,101.76788280122058,104.10839218546066,313.023,101.07362656523453,3.034765620226125
2024-04-24,3.776,268.637,12.791,416.49,589.982,117.23067370381868,103.47474731911748,101.52393047067227,101.18804664723031,101.76788280122058,104.10839218546066,313.023,101.07362656523453,3.034765620226125
2024-04-25,3.776,268.637,12.791,416.49,589.982,117.23067370381868,103.47474731911748,101.52393047067227,101.18804664723031,101.76788280122058,104.10839218546066,313.023,101.07362656523453,3.034765620226125
2024-04-26,3.776,268.637,12.791,416.49,589.982,117.23067370381868,103.47474731911748,101.52393047067227,101.18804664723031,101.76788280122058,104.10839218546066,313.023,101.07362656523453,3.034765620226125
2024-04-27,3.776,268.637,12.791,416.49,589.982,117.23067370381868,103.47474731911748,101.52393047067227,101.18804664723031,101.76788280122058,104.10839218546066,313.023,101.07362656523453,3.034765620226125
2024-04-28,3.776,268.637,12.791,416.49,589.982,117.23067370381868,103.47474731911748,101.52393047067227,101.18804664723031,101.76788280122058,104.10839218546066,313.023,101.07362656523453,3.034765620226125
2024-04-29,3.776,268.637,12.791,416.49,589.982,117.23067370381868,103.47474731911748,101.52393047067227,101.18804664723031,101.76788280122058,104.10839218546066,313.023,101.07362656523453,3.034765620226125
2024-04-30,3.776,268.637,12.791,416.49,589.982,117.23067370381868,103.47474731911748,101.52393047067227,101.18804664723031,101.76788280122058,104.10839218546066,313.023,101.07362656523453,3.034765620226125
2024-05-01,3.755,261.121,12.652,418.1,582.494,116.5787022663769,100.57970232959448,100.42066830700848,101.57920310981537,100.47625372369696,103.22412675764699,313.175,101.12270663678811,2.101420120858876
2024-05-02,3.755,261.121,12.652,418.1,582.494,116.5787022663769,100.57970232959448,100.42066830700848,101.57920310981537,100.47625372369696,103.22412675764699,313.175,101.12270663678811,2.101420120858876
2024-05-03,3.755,261.121,12.652,418.1,582.494,116.5787022663769,100.57970232959448,100.42066830700848,101.57920310981537,100.47625372369696,103.22412675764699,313.175,101.12270663678811,2.101420120858876
2024-05-04,3.755,261.121,12.652,418.1,582.494,116.5787022663769,100.57970232959448,100.42066830700848,101.57920310981537,100.47625372369696,103.22412675764699,313.175,101.12270663678811,2.101420120858876
2024-05-05,3.755,261.121,12.652,418.1,582.494,116.5787022663769,100.57970232959448,100.42066830700848,101.57920310981537,100.47625372369696,103.22412675764699,313.175,101.12270663678811,2.101420120858876
2024-05-06,3.755,261.121,12.652,418.1,582.494,116.5787022663769,100.57970232959448,100.42066830700848,101.57920310981537,100.47625372369696,103.22412675764699,313.175,101.12270663678811,2.101420120858876
2024-05-07,3.755,261.121,12.652,418.1,582.494,116.5787022663769,100.57970232959448,100.42066830700848,101.57920310981537,100.47625372369696,103.22412675764699,313.175,101.12270663678811,2.101420120858876
2024-05-08,3.755,261.121,12.652,418.1,582.494,116.5787022663769,100.57970232959448,100.42066830700848,101.57920310981537,100.47625372369696,103.22412675764699,313.175,101.12270663678811,2.101420120858876
2024-05-09,3.755,261.121,12.652,418.1,582.494,116.5787022663769,100.57970232959448,100.42066830700848,101.57920310981537,100.47625372369696,103.22412675764699,313.175,101.12270663678811,2.101420120858876
2024-05-10,3.755,261.121,12.652,418.1,582.494,116.5787022663769,100.57970232959448,100.42066830700848,101.57920310981537,100.47625372369696,103.22412675764699,313.175,101.12270663678811,2.101420120858876
2024-05-11,3.755,261.121,12.652,418.1,582.494,116.5787022663769,100.57970232959448,100.42066830700848,101.57920310981537,100.47625372369696,103.22412675764699,313.175,101.12270663678811,2.101420120858876
2024-05-12,3.755,261.121,12.652,418.1,582.494,116.5787022663769,100.57970232959448,100.42066830700848,101.57920310981537,100.47625372369696,103.22412675764699,313.175,101.12270663678811,2.101420120858876
2024-05-13,3.755,261.121,12.652,418.1,582.494,116.5787022663769,100.57970232959448,100.42066830700848,101.57920310981537,100.47625372369696,103.22412675764699,313.175,101.12270663678811,2.101420120858876
2024-05-14,3.755,261.121,12.652,418.1,582.494,116.5787022663769,100.57970232959448,100.42066830700848,101.57920310981537,100.47625372369696,103.22412675764699,313.175,101.12270663678811,2.101420120858876
2024-05-15,3.755,261.121,12.652,418.1,582.494,116.5787022663769,100.57970232959448,100.42066830700848,101.57920310981537,100.47625372369696,103.22412675764699,313.175,101.12270663678811,2.101420120858876
2024-05-16,3.755,261.121,12.652,418.1,582.494,116.5787022663769,100.57970232959448,100.42066830700848,101.57920310981537,100.47625372369696,103.22412675764699,313.175,101.12270663678811,2.101420120858876
2024-05-17,3.755,261.121,12.652,418.1,582.494,116.5787022663769,100.57970232959448,100.42066830700848,101.57920310981537,100.47625372369696,103.22412675764699,313.175,101.12270663678811,2.101420120858876
2024-05-18,3.755,261.121,12.652,418.1,582.494,116.5787022663769,100.57970232959448,100.42066830700848,101.57920310981537,100.47625372369696,103.22412675764699,313.175,101.12270663678811,2.101420120858876
2024-05-19,3.755,261.121,12.652,418.1,582.494,116.5787022663769,100.57970232959448,100.42066830700848,101.57920310981537,100.47625372369696,103.22412675764699,313.175,101.12270663678811,2.101420120858876
2024-05-20,3.755,261.121,12.652,418.1,582.494,116.5787022663769,100.57970232959448,100.42066830700848,101.57920310981537,100.47625372369696,103.22412675764699,313.175,101.12270663678811,2.101420120858876
2024-05-21,3.755,261.121,12.652,418.1,582.494,116.5787022663769,100.57970232959448,100.42066830700848,101.57920310981537,100.47625372369696,103.22412675764699,313.175,101.12270663678811,2.101420120858876
2024-05-22,3.755,261.121,12.652,418.1,582.494,116.5787022663769,100.57970232959448,100.42066830700848,101.57920310981537,100.47625372369696,103.22412675764699,313.175,101.12270663678811,2.101420120858876
2024-05-23,3.755,261.121,12.652,418.1,582.494,116.5787022663769,100.57970232959448,100.42066830700848,101.57920310981537,100.47625372369696,103.22412675764699,313.175,101.12270663678811,2.101420120858876
2024-05-24,3.755,261.121,12.652,418.1,582.494,116.5787022663769,100.57970232959448,100.42066830700848,101.57920310981537,100.47625372369696,103.22412675764699,313.175,101.12270663678811,2.101420120858876
2024-05-25,3.755,261.121,12.652,418.1,582.494,116.5787022663769,100.57970232959448,100.42066830700848,101.57920310981537,100.47625372369696,103.22412675764699,313.175,101.12270663678811,2.101420120858876
2024-05-26,3.755,261.121,12.652,418.1,582.494,116.5787022663769,100.57970232959448,100.42066830700848,101.57920310981537,100.47625372369696,103.22412675764699,313.175,101.12270663678811,2.101420120858876
2024-05-27,3.755,261.121,12.652,418.1,582.494,116.5787022663769,100.57970232959448,100.42066830700848,101.57920310981537,100.47625372369696,103.22412675764699,313.175,101.12270663678811,2.101420120858876
2024-05-28,3.755,261.121,12.652,418.1,582.494,116.5787022663769,100.57970232959448,100.42066830700848,101.57920310981537,100.47625372369696,103.22412675764699,313.175,101.12270663678811,2.101420120858876
2024-05-29,3.755,261.121,12.652,418.1,582.494,116.5787022663769,100.57970232959448,100.42066830700848,101.57920310981537,100.47625372369696,103.22412675764699,313.175,101.12270663678811,2.101420120858876
2024-05-30,3.755,261.121,12.652,418.1,582.494,116.5787022663769,100.57970232959448,100.42066830700848,101.57920310981537,100.47625372369696,103.22412675764699,313.175,101.12270663678811,2.101420120858876
2024-05-31,3.755,261.121,12.652,418.1,582.494,116.5787022663769,100.57970232959448,100.42066830700848,101.57920310981537,100.47625372369696,103.22412675764699,313.175,101.12270663678811,2.101420120858876
2024-06-01,3.601,255.23,12.69,419.223,580.277,111.79757839180378,98.31058178232468,100.7222795459957,101.85204081632652,100.09383630050388,102.26648160259172,313.044,101.0804073645939,1.186074237997829
2024-06-02,3.601,255.23,12.69,419.223,580.277,111.79757839180378,98.31058178232468,100.7222795459957,101.85204081632652,100.09383630050388,102.26648160259172,313.044,101.0804073645939,1.186074237997829
2024-06-03,3.601,255.23,12.69,419.223,580.277,111.79757839180378,98.31058178232468,100.7222795459957,101.85204081632652,100.09383630050388,102.26648160259172,313.044,101.0804073645939,1.186074237997829
2024-06-04,3.601,255.23,12.69,419.223,580.277,111.79757839180378,98.31058178232468,100.7222795459957,101.85204081632652,100.09383630050388,102.26648160259172,313.044,101.0804073645939,1.186074237997829
2024-06-05,3.601,255.23,12.69,419.223,580.277,111.79757839180378,98.31058178232468,100.7222795459957,101.85204081632652,100.09383630050388,102.26648160259172,313.044,101.0804073645939,1.186074237997829
2024-06-06,3.601,255.23,12.69,419.223,580.277,111.79757839180378,98.31058178232468,100.7222795459957,101.85204081632652,100.09383630050388,102.26648160259172,313.044,101.0804073645939,1.186074237997829
2024-06-07,3.601,255.23,12.69,419.223,580.277,111.79757839180378,98.31058178232468,100.7222795459957,101.85204081632652,100.09383630050388,102.26648160259172,313.044,101.0804073645939,1.186074237997829
2024-06-08,3.601,255.23,12.69,419.223,580.277,111.79757839180378,98.31058178232468,100.7222795459957,101.85204081632652,100.09383630050388,102.26648160259172,313.044,101.0804073645939,1.186074237997829
2024-06-09,3.601,255.23,12.69,419.223,580.277,111.79757839180378,98.31058178232468,100.7222795459957,101.85204081632652,100.09383630050388,102.26648160259172,313.044,101.0804073645939,1.186074237997829
2024-06-10,3.601,255.23,12.69,419.223,580.277,111.79757839180378,98.31058178232468,100.7222795459957,101.85204081632652,100.09383630050388,102.26648160259172,313.044,101.0804073645939,1.186074237997829
2024-06-11,3.601,255.23,12.69,419.223,580.277,111.79757839180378,98.31058178232468,100.7222795459957,101.85204081632652,100.09383630050388,102.26648160259172,313.044,101.0804073645939,1.186074237997829
2024-06-12,3.601,255.23,12.69,419.223,580.277,111.79757839180378,98.31058178232468,100.7222795459957,101.85204081632652,100.09383630050388,102.26648160259172,313.044,101.0804073645939,1.186074237997829
2024-06-13,3.601,255.23,12.69,419.223,580.277,111.79757839180378,98.31058178232468,100.7222795459957,101.85204081632652,100.09383630050388,102.26648160259172,313.044,101.0804073645939,1.186074237997829
2024-06-14,3.601,255.23,12.69,419.223,580.277,111.79757839180378,98.31058178232468,100.7222795459957,101.85204081632652,100.09383630050388,102.26648160259172,313.044,101.0804073645939,1.186074237997829
2024-06-15,3.601,255.23,12.69,419.223,580.277,111.79757839180378,98.31058178232468,100.7222795459957,101.85204081632652,100.09383630050388,102.26648160259172,313.044,101.0804073645939,1.186074237997829
2024-06-16,3.601,255.23,12.69,419.223,580.277,111.79757839180378,98.31058178232468,100.7222795459957,101.85204081632652,100.09383630050388,102.26648160259172,313.044,101.0804073645939,1.186074237997829
2024-06-17,3.601,255.23,12.69,419.223,580.277,111.79757839180378,98.31058178232468,100.7222795459957,101.85204081632652,100.09383630050388,102.26648160259172,313.044,101.0804073645939,1.186074237997829
2024-06-18,3.601,255.23,12.69,419.223,580.277,111.79757839180378,98.31058178232468,100.7222795459957,101.85204081632652,100.09383630050388,102.26648160259172,313.044,101.0804073645939,1.186074237997829
2024-06-19,3.601,255.23,12.69,419.223,580.277,111.79757839180378,98.31058178232468,100.7222795459957,101.85204081632652,100.09383630050388,102.26648160259172,313.044,101.0804073645939,1.186074237997829
2024-06-20,3.601,255.23,12.69,419.223,580.277,111.79757839180378,98.31058178232468,100.7222795459957,101.85204081632652,100.09383630050388,102.26648160259172,313.044,101.0804073645939,1.186074237997829
2024-06-21,3.601,255.23,12.69,419.223,580.277,111.79757839180378,98.31058178232468,100.7222795459957,101.85204081632652,100.09383630050388,102.26648160259172,313.044,101.0804073645939,1.186074237997829
2024-06-22,3.601,255.23,12.69,419.223,580.277,111.79757839180378,98.31058178232468,100.7222795459957,101.85204081632652,100.09383630050388,102.26648160259172,313.044,101.0804073645939,1.186074237997829
2024-06-23,3.601,255.23,12.69,419.223,580.277,111.79757839180378,98.31058178232468,100.7222795459957,101.85204081632652,100.09383630050388,102.26648160259172,313.044,101.0804073645939,1.186074237997829
2024-06-24,3.601,255.23,12.69,419.223,580.277,111.79757839180378,98.31058178232468,100.7222795459957,101.85204081632652,100.09383630050388,102.26648160259172,313.044,101.0804073645939,1.186074237997829
2024-06-25,3.601,255.23,12.69,419.223,580.277,111.79757839180378,98.31058178232468,100.7222795459957,101.85204081632652,100.09383630050388,102.26648160259172,313.044,101.0804073645939,1.186074237997829
2024-06-26,3.601,255.23,12.69,419.223,580.277,111.79757839180378,98.31058178232468,100.7222795459957,101.85204081632652,100.09383630050388,102.26648160259172,313.044,101.0804073645939,1.186074237997829
2024-06-27,3.601,255.23,12.69,419.223,580.277,111.79757839180378,98.31058178232468,100.7222795459957,101.85204081632652,100.09383630050388,102.26648160259172,313.044,101.0804073645939,1.186074237997829
2024-06-28,3.601,255.23,12.69,419.223,580.277,111.79757839180378,98.31058178232468,100.7222795459957,101.85204081632652,100.09383630050388,102.26648160259172,313.044,101.0804073645939,1.186074237997829
2024-06-29,3.601,255.23,12.69,419.223,580.277,111.79757839180378,98.31058178232468,100.7222795459957,101.85204081632652,100.09383630050388,102.26648160259172,313.044,101.0804073645939,1.186074237997829
2024-06-30,3.601,255.23,12.69,419.223,580.277,111.79757839180378,98.31058178232468,100.7222795459957,101.85204081632652,100.09383630050388,102.26648160259172,313.044,101.0804073645939,1.186074237997829
2024-07-01,3.622,252.397,12.984,421.138,581.492,112.44954982924557,97.21935473930728,103.05579807921264,102.3172983479106,100.30341553784243,102.95498704013562,313.569,101.2499273485783,1.7050596915573237
2024-07-02,3.622,252.397,12.984,421.138,581.492,112.44954982924557,97.21935473930728,103.05579807921264,102.3172983479106,100.30341553784243,102.95498704013562,313.569,101.2499273485783,1.7050596915573237
2024-07-03,3.622,252.397,12.984,421.138,581.492,112.44954982924557,97.21935473930728,103.05579807921264,102.3172983479106,100.30341553784243,102.95498704013562,313.569,101.2499273485783,1.7050596915573237
2024-07-04,3.622,252.397,12.984,421.138,581.492,112.44954982924557,97.21935473930728,103.05579807921264,102.3172983479106,100.30341553784243,102.95498704013562,313.569,101.2499273485783,1.7050596915573237
2024-07-05,3.622,252.397,12.984,421.138,581.492,112.44954982924557,97.21935473930728,103.05579807921264,102.3172983479106,100.30341553784243,102.95498704013562,313.569,101.2499273485783,1.7050596915573237
2024-07-06,3.622,252.397,12.984,421.138,581.492,112.44954982924557,97.21935473930728,103.05579807921264,102.3172983479106,100.30341553784243,102.95498704013562,313.569,101.2499273485783,1.7050596915573237
2024-07-07,3.622,252.397,12.984,421.138,581.492,112.44954982924557,97.21935473930728,103.05579807921264,102.3172983479106,100.30341553784243,102.95498704013562,313.569,101.2499273485783,1.7050596915573237
2024-07-08,3.622,252.397,12.984,421.138,581.492,112.44954982924557,97.21935473930728,103.05579807921264,102.3172983479106,100.30341553784243,102.95498704013562,313.569,101.2499273485783,1.7050596915573237
2024-07-09,3.622,252.397,12.984,421.138,581.492,112.44954982924557,97.21935473930728,103.05579807921264,102.3172983479106,100.30341553784243,102.95498704013562,313.569,101.2499273485783,1.7050596915573237
2024-07-10,3.622,252.397,12.984,421.138,581.492,112.44954982924557,97.21935473930728,103.05579807921264,102.3172983479106,100.30341553784243,102.95498704013562,313.569,101.2499273485783,1.7050596915573237
2024-07-11,3.622,252.397,12.984,421.138,581.492,112.44954982924557,97.21935473930728,103.05579807921264,102.3172983479106,100.30341553784243,102.95498704013562,313.569,101.2499273485783,1.7050596915573237
2024-07-12,3.622,252.397,12.984,421.138,581.492,112.44954982924557,97.21935473930728,103.05579807921264,102.3172983479106,100.30341553784243,102.95498704013562,313.569,101.2499273485783,1.7050596915573237
2024-07-13,3.622,252.397,12.984,421.138,581.492,112.44954982924557,97.21935473930728,103.05579807921264,102.3172983479106,100.30341553784243,102.95498704013562,313.569,101.2499273485783,1.7050596915573237
2024-07-14,3.622,252.397,12.984,421.138,581.492,112.44954982924557,97.21935473930728,103.05579807921264,102.3172983479106,100.30341553784243,102.95498704013562,313.569,101.2499273485783,1.7050596915573237
2024-07-15,3.622,252.397,12.984,421.138,581.492,112.44954982924557,97.21935473930728,103.05579807921264,102.3172983479106,100.30341553784243,102.95498704013562,313.569,101.2499273485783,1.7050596915573237
2024-07-16,3.622,252.397,12.984,421.138,581.492,112.44954982924557,97.21935473930728,103.05579807921264,102.3172983479106,100.30341553784243,102.95498704013562,313.569,101.2499273485783,1.7050596915573237
2024-07-17,3.622,252.397,12.984,421.138,581.492,112.44954982924557,97.21935473930728,103.05579807921264,102.3172983479106,100.30341553784243,102.95498704013562,313.569,101.2499273485783,1.7050596915573237
2024-07-18,3.622,252.397,12.984,421.138,581.492,112.44954982924557,97.21935473930728,103.05579807921264,102.3172983479106,100.30341553784243,102.95498704013562,313.569,101.2499273485783,1.7050596915573237
2024-07-19,3.622,252.397,12.984,421.138,581.492,112.44954982924557,97.21935473930728,103.05579807921264,102.3172983479106,100.30341553784243,102.95498704013562,313.569,101.2499273485783,1.7050596915573237
2024-07-20,3.622,252.397,12.984,421.138,581.492,112.44954982924557,97.21935473930728,103.05579807921264,102.3172983479106,100.30341553784243,102.95498704013562,313.569,101.2499273485783,1.7050596915573237
2024-07-21,3.622,252.397,12.984,421.138,581.492,112.44954982924557,97.21935473930728,103.05579807921264,102.3172983479106,100.30341553784243,102.95498704013562,313.569,101.2499273485783,1.7050596915573237
2024-07-22,3.622,252.397,12.984,421.138,581.492,112.44954982924557,97.21935473930728,103.05579807921264,102.3172983479106,100.30341553784243,102.95498704013562,313.569,101.2499273485783,1.7050596915573237
2024-07-23,3.622,252.397,12.984,421.138,581.492,112.44954982924557,97.21935473930728,103.05579807921264,102.3172983479106,100.30341553784243,102.95498704013562,313.569,101.2499273485783,1.7050596915573237
2024-07-24,3.622,252.397,12.984,421.138,581.492,112.44954982924557,97.21935473930728,103.05579807921264,102.3172983479106,100.30341553784243,102.95498704013562,313.569,101.2499273485783,1.7050596915573237
2024-07-25,3.622,252.397,12.984,421.138,581.492,112.44954982924557,97.21935473930728,103.05579807921264,102.3172983479106,100.30341553784243,102.95498704013562,313.569,101.2499273485783,1.7050596915573237
2024-07-26,3.622,252.397,12.984,421.138,581.492,112.44954982924557,97.21935473930728,103.05579807921264,102.3172983479106,100.30341553784243,102.95498704013562,313.569,101.2499273485783,1.7050596915573237
2024-07-27,3.622,252.397,12.984,421.138,581.492,112.44954982924557,97.21935473930728,103.05579807921264,102.3172983479106,100.30341553784243,102.95498704013562,313.569,101.2499273485783,1.7050596915573237
2024-07-28,3.622,252.397,12.984,421.138,581.492,112.44954982924557,97.21935473930728,103.05579807921264,102.3172983479106,100.30341553784243,102.95498704013562,313.569,101.2499273485783,1.7050596915573237
2024-07-29,3.622,252.397,12.984,421.138,581.492,112.44954982924557,97.21935473930728,103.05579807921264,102.3172983479106,100.30341553784243,102.95498704013562,313.569,101.2499273485783,1.7050596915573237
2024-07-30,3.622,252.397,12.984,421.138,581.492,112.44954982924557,97.21935473930728,103.05579807921264,102.3172983479106,100.30341553784243,102.95498704013562,313.569,101.2499273485783,1.7050596915573237
2024-07-31,3.622,252.397,12.984,421.138,581.492,112.44954982924557,97.21935473930728,103.05579807921264,102.3172983479106,100.30341553784243,102.95498704013562,313.569,101.2499273485783,1.7050596915573237
2024-08-01,3.521,256.372,13.151,422.556,583.055,109.31387767773984,98.7504622211266,104.38130010318278,102.66180758017491,100.57302240859154,103.18947164596686,314.062,101.40911468591985,1.7803569600470155
2024-08-02,3.521,256.372,13.151,422.556,583.055,109.31387767773984,98.7504622211266,104.38130010318278,102.66180758017491,100.57302240859154,103.18947164596686,314.062,101.40911468591985,1.7803569600470155
2024-08-03,3.521,256.372,13.151,422.556,583.055,109.31387767773984,98.7504622211266,104.38130010318278,102.66180758017491,100.57302240859154,103.18947164596686,314.062,101.40911468591985,1.7803569600470155
2024-08-04,3.521,256.372,13.151,422.556,583.055,109.31387767773984,98.7504622211266,104.38130010318278,102.66180758017491,100.57302240859154,103.18947164596686,314.062,101.40911468591985,1.7803569600470155
2024-08-05,3.521,256.372,13.151,422.556,583.055,109.31387767773984,98.7504622211266,104.38130010318278,102.66180758017491,100.57302240859154,103.18947164596686,314.062,101.40911468591985,1.7803569600470155
2024-08-06,3.521,256.372,13.151,422.556,583.055,109.31387767773984,98.7504622211266,104.38130010318278,102.66180758017491,100.57302240859154,103.18947164596686,314.062,101.40911468591985,1.7803569600470155
2024-08-07,3.521,256.372,13.151,422.556,583.055,109.31387767773984,98.7504622211266,104.38130010318278,102.66180758017491,100.57302240859154,103.18947164596686,314.062,101.40911468591985,1.7803569600470155
2024-08-08,3.521,256.372,13.151,422.556,583.055,109.31387767773984,98.7504622211266,104.38130010318278,102.66180758017491,100.57302240859154,103.18947164596686,314.062,101.40911468591985,1.7803569600470155
2024-08-09,3.521,256.372,13.151,422.556,583.055,109.31387767773984,98.7504622211266,104.38130010318278,102.66180758017491,100.57302240859154,103.18947164596686,314.062,101.40911468591985,1.7803569600470155
2024-08-10,3.521,256.372,13.151,422.556,583.055,109.31387767773984,98.7504622211266,104.38130010318278,102.66180758017491,100.57302240859154,103.18947164596686,314.062,101.40911468591985,1.7803569600470155
2024-08-11,3.521,256.372,13.151,422.556,583.055,109.31387767773984,98.7504622211266,104.38130010318278,102.66180758017491,100.57302240859154,103.18947164596686,314.062,101.40911468591985,1.7803569600470155
2024-08-12,3.521,256.372,13.151,422.556,583.055,109.31387767773984,98.7504622211266,104.38130010318278,102.66180758017491,100.57302240859154,103.18947164596686,314.062,101.40911468591985,1.7803569600470155
2024-08-13,3.521,256.372,13.151,422.556,583.055,109.31387767773984,98.7504622211266,104.38130010318278,102.66180758017491,100.57302240859154,103.18947164596686,314.062,101.40911468591985,1.7803569600470155
2024-08-14,3.521,256.372,13.151,422.556,583.055,109.31387767773984,98.7504622211266,104.38130010318278,102.66180758017491,100.57302240859154,103.18947164596686,314.062,101.40911468591985,1.7803569600470155
2024-08-15,3.521,256.372,13.151,422.556,583.055,109.31387767773984,98.7504622211266,104.38130010318278,102.66180758017491,100.57302240859154,103.18947164596686,314.062,101.40911468591985,1.7803569600470155
2024-08-16,3.521,256.372,13.151,422.556,583.055,109.31387767773984,98.7504622211266,104.38130010318278,102.66180758017491,100.57302240859154,103.18947164596686,314.062,101.40911468591985,1.7803569600470155
2024-08-17,3.521,256.372,13.151,422.556,583.055,109.31387767773984,98.7504622211266,104.38130010318278,102.66180758017491,100.57302240859154,103.18947164596686,314.062,101.40911468591985,1.7803569600470155
2024-08-18,3.521,256.372,13.151,422.556,583.055,109.31387767773984,98.7504622211266,104.38130010318278,102.66180758017491,100.57302240859154,103.18947164596686,314.062,101.40911468591985,1.7803569600470155
2024-08-19,3.521,256.372,13.151,422.556,583.055,109.31387767773984,98.7504622211266,104.38130010318278,102.66180758017491,100.57302240859154,103.18947164596686,314.062,101.40911468591985,1.7803569600470155
2024-08-20,3.521,256.372,13.151,422.556,583.055,109.31387767773984,98.7504622211266,104.38130010318278,102.66180758017491,100.57302240859154,103.18947164596686,314.062,101.40911468591985,1.7803569600470155
2024-08-21,3.521,256.372,13.151,422.556,583.055,109.31387767773984,98.7504622211266,104.38130010318278,102.66180758017491,100.57302240859154,103.18947164596686,314.062,101.40911468591985,1.7803569600470155
2024-08-22,3.521,256.372,13.151,422.556,583.055,109.31387767773984,98.7504622211266,104.38130010318278,102.66180758017491,100.57302240859154,103.18947164596686,314.062,101.40911468591985,1.7803569600470155
2024-08-23,3.521,256.372,13.151,422.556,583.055,109.31387767773984,98.7504622211266,104.38130010318278,102.66180758017491,100.57302240859154,103.18947164596686,314.062,101.40911468591985,1.7803569600470155
2024-08-24,3.521,256.372,13.151,422.556,583.055,109.31387767773984,98.7504622211266,104.38130010318278,102.66180758017491,100.57302240859154,103.18947164596686,314.062,101.40911468591985,1.7803569600470155
2024-08-25,3.521,256.372,13.151,422.556,583.055,109.31387767773984,98.7504622211266,104.38130010318278,102.66180758017491,100.57302240859154,103.18947164596686,314.062,101.40911468591985,1.7803569600470155
2024-08-26,3.521,256.372,13.151,422.556,583.055,109.31387767773984,98.7504622211266,104.38130010318278,102.66180758017491,100.57302240859154,103.18947164596686,314.062,101.40911468591985,1.7803569600470155
2024-08-27,3.521,256.372,13.151,422.556,583.055,109.31387767773984,98.7504622211266,104.38130010318278,102.66180758017491,100.57302240859154,103.18947164596686,314.062,101.40911468591985,1.7803569600470155
2024-08-28,3.521,256.372,13.151,422.556,583.055,109.31387767773984,98.7504622211266,104.38130010318278,102.66180758017491,100.57302240859154,103.18947164596686,314.062,101.40911468591985,1.7803569600470155
2024-08-29,3.521,256.372,13.151,422.556,583.055,109.31387767773984,98.7504622211266,104.38130010318278,102.66180758017491,100.57302240859154,103.18947164596686,314.062,101.40911468591985,1.7803569600470155
2024-08-30,3.521,256.372,13.151,422.556,583.055,109.31387767773984,98.7504622211266,104.38130010318278,102.66180758017491,100.57302240859154,103.18947164596686,314.062,101.40911468591985,1.7803569600470155
2024-08-31,3.521,256.372,13.151,422.556,583.055,109.31387767773984,98.7504622211266,104.38130010318278,102.66180758017491,100.57302240859154,103.18947164596686,314.062,101.40911468591985,1.7803569600470155
2024-09-01,3.344,260.344,13.792,423.858,582.12,103.81868984787333,100.28041415012943,109.46900547662513,102.97813411078718,100.41174126710055,103.93731839215793,314.732,101.6254544750047,2.3118639171532323
2024-09-02,3.344,260.344,13.792,423.858,582.12,103.81868984787333,100.28041415012943,109.46900547662513,102.97813411078718,100.41174126710055,103.93731839215793,314.732,101.6254544750047,2.3118639171532323
2024-09-03,3.344,260.344,13.792,423.858,582.12,103.81868984787333,100.28041415012943,109.46900547662513,102.97813411078718,100.41174126710055,103.93731839215793,314.732,101.6254544750047,2.3118639171532323
2024-09-04,3.344,260.344,13.792,423.858,582.12,103.81868984787333,100.28041415012943,109.46900547662513,102.97813411078718,100.41174126710055,103.93731839215793,314.732,101.6254544750047,2.3118639171532323
2024-09-05,3.344,260.344,13.792,423.858,582.12,103.81868984787333,100.28041415012943,109.46900547662513,102.97813411078718,100.41174126710055,103.93731839215793,314.732,101.6254544750047,2.3118639171532323
2024-09-06,3.344,260.344,13.792,423.858,582.12,103.81868984787333,100.28041415012943,109.46900547662513,102.97813411078718,100.41174126710055,103.93731839215793,314.732,101.6254544750047,2.3118639171532323
2024-09-07,3.344,260.344,13.792,423.858,582.12,103.81868984787333,100.28041415012943,109.46900547662513,102.97813411078718,100.41174126710055,103.93731839215793,314.732,101.6254544750047,2.3118639171532323
2024-09-08,3.344,260.344,13.792,423.858,582.12,103.81868984787333,100.28041415012943,109.46900547662513,102.97813411078718,100.41174126710055,103.93731839215793,314.732,101.6254544750047,2.3118639171532323
2024-09-09,3.344,260.344,13.792,423.858,582.12,103.81868984787333,100.28041415012943,109.46900547662513,102.97813411078718,100.41174126710055,103.93731839215793,314.732,101.6254544750047,2.3118639171532323
2024-09-10,3.344,260.344,13.792,423.858,582.12,103.81868984787333,100.28041415012943,109.46900547662513,102.97813411078718,100.41174126710055,103.93731839215793,314.732,101.6254544750047,2.3118639171532323
2024-09-11,3.344,260.344,13.792,423.858,582.12,103.81868984787333,100.28041415012943,109.46900547662513,102.97813411078718,100.41174126710055,103.93731839215793,314.732,101.6254544750047,2.3118639171532323
2024-09-12,3.344,260.344,13.792,423.858,582.12,103.81868984787333,100.28041415012943,109.46900547662513,102.97813411078718,100.41174126710055,103.93731839215793,314.732,101.6254544750047,2.3118639171532323
2024-09-13,3.344,260.344,13.792,423.858,582.12,103.81868984787333,100.28041415012943,109.46900547662513,102.97813411078718,100.41174126710055,103.93731839215793,314.732,101.6254544750047,2.3118639171532323
2024-09-14,3.344,260.344,13.792,423.858,582.12,103.81868984787333,100.28041415012943,109.46900547662513,102.97813411078718,100.41174126710055,103.93731839215793,314.732,101.6254544750047,2.3118639171532323
2024-09-15,3.344,260.344,13.792,423.858,582.12,103.81868984787333,100.28041415012943,109.46900547662513,102.97813411078718,100.41174126710055,103.93731839215793,314.732,101.6254544750047,2.3118639171532323
2024-09-16,3.344,260.344,13.792,423.858,582.12,103.81868984787333,100.28041415012943,109.46900547662513,102.97813411078718,100.41174126710055,103.93731839215793,314.732,101.6254544750047,2.3118639171532323
2024-09-17,3.344,260.344,13.792,423.858,582.12,103.81868984787333,100.28041415012943,109.46900547662513,102.97813411078718,100.41174126710055,103.93731839215793,314.732,101.6254544750047,2.3118639171532323
2024-09-18,3.344,260.344,13.792,423.858,582.12,103.81868984787333,100.28041415012943,109.46900547662513,102.97813411078718,100.41174126710055,103.93731839215793,314.732,101.6254544750047,2.3118639171532323
2024-09-19,3.344,260.344,13.792,423.858,582.12,103.81868984787333,100.28041415012943,109.46900547662513,102.97813411078718,100.41174126710055,103.93731839215793,314.732,101.6254544750047,2.3118639171532323
2024-09-20,3.344,260.344,13.792,423.858,582.12,103.81868984787333,100.28041415012943,109.46900547662513,102.97813411078718,100.41174126710055,103.93731839215793,314.732,101.6254544750047,2.3118639171532323
2024-09-21,3.344,260.344,13.792,423.858,582.12,103.81868984787333,100.28041415012943,109.46900547662513,102.97813411078718,100.41174126710055,103.93731839215793,314.732,101.6254544750047,2.3118639171532323
2024-09-22,3.344,260.344,13.792,423.858,582.12,103.81868984787333,100.28041415012943,109.46900547662513,102.97813411078718,100.41174126710055,103.93731839215793,314.732,101.6254544750047,2.3118639171532323
2024-09-23,3.344,260.344,13.792,423.858,582.12,103.81868984787333,100.28041415012943,109.46900547662513,102.97813411078718,100.41174126710055,103.93731839215793,314.732,101.6254544750047,2.3118639171532323
2024-09-24,3.344,260.344,13.792,423.858,582.12,103.81868984787333,100.28041415012943,109.46900547662513,102.97813411078718,100.41174126710055,103.93731839215793,314.732,101.6254544750047,2.3118639171532323
2024-09-25,3.344,260.344,13.792,423.858,582.12,103.81868984787333,100.28041415012943,109.46900547662513,102.97813411078718,100.41174126710055,103.93731839215793,314.732,101.6254544750047,2.3118639171532323
2024-09-26,3.344,260.344,13.792,423.858,582.12,103.81868984787333,100.28041415012943,109.46900547662513,102.97813411078718,100.41174126710055,103.93731839215793,314.732,101.6254544750047,2.3118639171532323
2024-09-27,3.344,260.344,13.792,423.858,582.12,103.81868984787333,100.28041415012943,109.46900547662513,102.97813411078718,100.41174126710055,103.93731839215793,314.732,101.6254544750047,2.3118639171532323
2024-09-28,3.344,260.344,13.792,423.858,582.12,103.81868984787333,100.28041415012943,109.46900547662513,102.97813411078718,100.41174126710055,103.93731839215793,314.732,101.6254544750047,2.3118639171532323
2024-09-29,3.344,260.344,13.792,423.858,582.12,103.81868984787333,100.28041415012943,109.46900547662513,102.97813411078718,100.41174126710055,103.93731839215793,314.732,101.6254544750047,2.3118639171532323
2024-09-30,3.344,260.344,13.792,423.858,582.12,103.81868984787333,100.28041415012943,109.46900547662513,102.97813411078718,100.41174126710055,103.93731839215793,314.732,101.6254544750047,2.3118639171532323
2024-10-01,3.279,267.24,13.385000000000002,425.235,580.98,101.80068301769636,102.93664489091583,106.23859036431465,103.31268221574344,100.21509901972117,103.2963162950517,315.631,101.91573726662749,1.3805790284242079
2024-10-02,3.279,267.24,13.385000000000002,425.235,580.98,101.80068301769636,102.93664489091583,106.23859036431465,103.31268221574344,100.21509901972117,103.2963162950517,315.631,101.91573726662749,1.3805790284242079
2024-10-03,3.279,267.24,13.385000000000002,425.235,580.98,101.80068301769636,102.93664489091583,106.23859036431465,103.31268221574344,100.21509901972117,103.2963162950517,315.631,101.91573726662749,1.3805790284242079
2024-10-04,3.279,267.24,13.385000000000002,425.235,580.98,101.80068301769636,102.93664489091583,106.23859036431465,103.31268221574344,100.21509901972117,103.2963162950517,315.631,101.91573726662749,1.3805790284242079
2024-10-05,3.279,267.24,13.385000000000002,425.235,580.98,101.80068301769636,102.93664489091583,106.23859036431465,103.31268221574344,100.21509901972117,103.2963162950517,315.631,101.91573726662749,1.3805790284242079
2024-10-06,3.279,267.24,13.385000000000002,425.235,580.98,101.80068301769636,102.93664489091583,106.23859036431465,103.31268221574344,100.21509901972117,103.2963162950517,315.631,101.91573726662749,1.3805790284242079
2024-10-07,3.279,267.24,13.385000000000002,425.235,580.98,101.80068301769636,102.93664489091583,106.23859036431465,103.31268221574344,100.21509901972117,103.2963162950517,315.631,101.91573726662749,1.3805790284242079
2024-10-08,3.279,267.24,13.385000000000002,425.235,580.98,101.80068301769636,102.93664489091583,106.23859036431465,103.31268221574344,100.21509901972117,103.2963162950517,315.631,101.91573726662749,1.3805790284242079
2024-10-09,3.279,267.24,13.385000000000002,425.235,580.98,101.80068301769636,102.93664489091583,106.23859036431465,103.31268221574344,100.21509901972117,103.2963162950517,315.631,101.91573726662749,1.3805790284242079
2024-10-10,3.279,267.24,13.385000000000002,425.235,580.98,101.80068301769636,102.93664489091583,106.23859036431465,103.31268221574344,100.21509901972117,103.2963162950517,315.631,101.91573726662749,1.3805790284242079
2024-10-11,3.279,267.24,13.385000000000002,425.235,580.98,101.80068301769636,102.93664489091583,106.23859036431465,103.31268221574344,100.21509901972117,103.2963162950517,315.631,101.91573726662749,1.3805790284242079
2024-10-12,3.279,267.24,13.385000000000002,425.235,580.98,101.80068301769636,102.93664489091583,106.23859036431465,103.31268221574344,100.21509901972117,103.2963162950517,315.631,101.91573726662749,1.3805790284242079
2024-10-13,3.279,267.24,13.385000000000002,425.235,580.98,101.80068301769636,102.93664489091583,106.23859036431465,103.31268221574344,100.21509901972117,103.2963162950517,315.631,101.91573726662749,1.3805790284242079
2024-10-14,3.279,267.24,13.385000000000002,425.235,580.98,101.80068301769636,102.93664489091583,106.23859036431465,103.31268221574344,100.21509901972117,103.2963162950517,315.631,101.91573726662749,1.3805790284242079
2024-10-15,3.279,267.24,13.385000000000002,425.235,580.98,101.80068301769636,102.93664489091583,106.23859036431465,103.31268221574344,100.21509901972117,103.2963162950517,315.631,101.91573726662749,1.3805790284242079
2024-10-16,3.279,267.24,13.385000000000002,425.235,580.98,101.80068301769636,102.93664489091583,106.23859036431465,103.31268221574344,100.21509901972117,103.2963162950517,315.631,101.91573726662749,1.3805790284242079
2024-10-17,3.279,267.24,13.385000000000002,425.235,580.98,101.80068301769636,102.93664489091583,106.23859036431465,103.31268221574344,100.21509901972117,103.2963162950517,315.631,101.91573726662749,1.3805790284242079
2024-10-18,3.279,267.24,13.385000000000002,425.235,580.98,101.80068301769636,102.93664489091583,106.23859036431465,103.31268221574344,100.21509901972117,103.2963162950517,315.631,101.91573726662749,1.3805790284242079
2024-10-19,3.279,267.24,13.385000000000002,425.235,580.98,101.80068301769636,102.93664489091583,106.23859036431465,103.31268221574344,100.21509901972117,103.2963162950517,315.631,101.91573726662749,1.3805790284242079
2024-10-20,3.279,267.24,13.385000000000002,425.235,580.98,101.80068301769636,102.93664489091583,106.23859036431465,103.31268221574344,100.21509901972117,103.2963162950517,315.631,101.91573726662749,1.3805790284242079
2024-10-21,3.279,267.24,13.385000000000002,425.235,580.98,101.80068301769636,102.93664489091583,106.23859036431465,103.31268221574344,100.21509901972117,103.2963162950517,315.631,101.91573726662749,1.3805790284242079
2024-10-22,3.279,267.24,13.385000000000002,425.235,580.98,101.80068301769636,102.93664489091583,106.23859036431465,103.31268221574344,100.21509901972117,103.2963162950517,315.631,101.91573726662749,1.3805790284242079
2024-10-23,3.279,267.24,13.385000000000002,425.235,580.98,101.80068301769636,102.93664489091583,106.23859036431465,103.31268221574344,100.21509901972117,103.2963162950517,315.631,101.91573726662749,1.3805790284242079
2024-10-24,3.279,267.24,13.385000000000002,425.235,580.98,101.80068301769636,102.93664489091583,106.23859036431465,103.31268221574344,100.21509901972117,103.2963162950517,315.631,101.91573726662749,1.3805790284242079
2024-10-25,3.279,267.24,13.385000000000002,425.235,580.98,101.80068301769636,102.93664489091583,106.23859036431465,103.31268221574344,100.21509901972117,103.2963162950517,315.631,101.91573726662749,1.3805790284242079
2024-10-26,3.279,267.24,13.385000000000002,425.235,580.98,101.80068301769636,102.93664489091583,106.23859036431465,103.31268221574344,100.21509901972117,103.2963162950517,315.631,101.91573726662749,1.3805790284242079
2024-10-27,3.279,267.24,13.385000000000002,425.235,580.98,101.80068301769636,102.93664489091583,106.23859036431465,103.31268221574344,100.21509901972117,103.2963162950517,315.631,101.91573726662749,1.3805790284242079
2024-10-28,3.279,267.24,13.385000000000002,425.235,580.98,101.80068301769636,102.93664489091583,106.23859036431465,103.31268221574344,100.21509901972117,103.2963162950517,315.631,101.91573726662749,1.3805790284242079
2024-10-29,3.279,267.24,13.385000000000002,425.235,580.98,101.80068301769636,102.93664489091583,106.23859036431465,103.31268221574344,100.21509901972117,103.2963162950517,315.631,101.91573726662749,1.3805790284242079
2024-10-30,3.279,267.24,13.385000000000002,425.235,580.98,101.80068301769636,102.93664489091583,106.23859036431465,103.31268221574344,100.21509901972117,103.2963162950517,315.631,101.91573726662749,1.3805790284242079
2024-10-31,3.279,267.24,13.385000000000002,425.235,580.98,101.80068301769636,102.93664489091583,106.23859036431465,103.31268221574344,100.21509901972117,103.2963162950517,315.631,101.91573726662749,1.3805790284242079
2024-11-01,3.181,267.78,13.714,426.342,582.386,98.75814964296802,103.14464439787994,108.8499087229145,103.58163265306122,100.45762445815573,103.64102975149754,316.528,102.20537426783514,1.4356554836624014
2024-11-02,3.181,267.78,13.714,426.342,582.386,98.75814964296802,103.14464439787994,108.8499087229145,103.58163265306122,100.45762445815573,103.64102975149754,316.528,102.20537426783514,1.4356554836624014
2024-11-03,3.181,267.78,13.714,426.342,582.386,98.75814964296802,103.14464439787994,108.8499087229145,103.58163265306122,100.45762445815573,103.64102975149754,316.528,102.20537426783514,1.4356554836624014
2024-11-04,3.181,267.78,13.714,426.342,582.386,98.75814964296802,103.14464439787994,108.8499087229145,103.58163265306122,100.45762445815573,103.64102975149754,316.528,102.20537426783514,1.4356554836624014
2024-11-05,3.181,267.78,13.714,426.342,582.386,98.75814964296802,103.14464439787994,108.8499087229145,103.58163265306122,100.45762445815573,103.64102975149754,316.528,102.20537426783514,1.4356554836624014
2024-11-06,3.181,267.78,13.714,426.342,582.386,98.75814964296802,103.14464439787994,108.8499087229145,103.58163265306122,100.45762445815573,103.64102975149754,316.528,102.20537426783514,1.4356554836624014
2024-11-07,3.181,267.78,13.714,426.342,582.386,98.75814964296802,103.14464439787994,108.8499087229145,103.58163265306122,100.45762445815573,103.64102975149754,316.528,102.20537426783514,1.4356554836624014
2024-11-08,3.181,267.78,13.714,426.342,582.386,98.75814964296802,103.14464439787994,108.8499087229145,103.58163265306122,100.45762445815573,103.64102975149754,316.528,102.20537426783514,1.4356554836624014
2024-11-09,3.181,267.78,13.714,426.342,582.386,98.75814964296802,103.14464439787994,108.8499087229145,103.58163265306122,100.45762445815573,103.64102975149754,316.528,102.20537426783514,1.4356554836624014
2024-11-10,3.181,267.78,13.714,426.342,582.386,98.75814964296802,103.14464439787994,108.8499087229145,103.58163265306122,100.45762445815573,103.64102975149754,316.528,102.20537426783514,1.4356554836624014
2024-11-11,3.181,267.78,13.714,426.342,582.386,98.75814964296802,103.14464439787994,108.8499087229145,103.58163265306122,100.45762445815573,103.64102975149754,316.528,102.20537426783514,1.4356554836624014
2024-11-12,3.181,267.78,13.714,426.342,582.386,98.75814964296802,103.14464439787994,108.8499087229145,103.58163265306122,100.45762445815573,103.64102975149754,316.528,102.20537426783514,1.4356554836624014
2024-11-13,3.181,267.78,13.714,426.342,582.386,98.75814964296802,103.14464439787994,108.8499087229145,103.58163265306122,100.45762445815573,103.64102975149754,316.528,102.20537426783514,1.4356554836624014
2024-11-14,3.181,267.78,13.714,426.342,582.386,98.75814964296802,103.14464439787994,108.8499087229145,103.58163265306122,100.45762445815573,103.64102975149754,316.528,102.20537426783514,1.4356554836624014
2024-11-15,3.181,267.78,13.714,426.342,582.386,98.75814964296802,103.14464439787994,108.8499087229145,103.58163265306122,100.45762445815573,103.64102975149754,316.528,102.20537426783514,1.4356554836624014
2024-11-16,3.181,267.78,13.714,426.342,582.386,98.75814964296802,103.14464439787994,108.8499087229145,103.58163265306122,100.45762445815573,103.64102975149754,316.528,102.20537426783514,1.4356554836624014
2024-11-17,3.181,267.78,13.714,426.342,582.386,98.75814964296802,103.14464439787994,108.8499087229145,103.58163265306122,100.45762445815573,103.64102975149754,316.528,102.20537426783514,1.4356554836624014
2024-11-18,3.181,267.78,13.714,426.342,582.386,98.75814964296802,103.14464439787994,108.8499087229145,103.58163265306122,100.45762445815573,103.64102975149754,316.528,102.20537426783514,1.4356554836624014
2024-11-19,3.181,267.78,13.714,426.342,582.386,98.75814964296802,103.14464439787994,108.8499087229145,103.58163265306122,100.45762445815573,103.64102975149754,316.528,102.20537426783514,1.4356554836624014
2024-11-20,3.181,267.78,13.714,426.342,582.386,98.75814964296802,103.14464439787994,108.8499087229145,103.58163265306122,100.45762445815573,103.64102975149754,316.528,102.20537426783514,1.4356554836624014
2024-11-21,3.181,267.78,13.714,426.342,582.386,98.75814964296802,103.14464439787994,108.8499087229145,103.58163265306122,100.45762445815573,103.64102975149754,316.528,102.20537426783514,1.4356554836624014
2024-11-22,3.181,267.78,13.714,426.342,582.386,98.75814964296802,103.14464439787994,108.8499087229145,103.58163265306122,100.45762445815573,103.64102975149754,316.528,102.20537426783514,1.4356554836624014
2024-11-23,3.181,267.78,13.714,426.342,582.386,98.75814964296802,103.14464439787994,108.8499087229145,103.58163265306122,100.45762445815573,103.64102975149754,316.528,102.20537426783514,1.4356554836624014
2024-11-24,3.181,267.78,13.714,426.342,582.386,98.75814964296802,103.14464439787994,108.8499087229145,103.58163265306122,100.45762445815573,103.64102975149754,316.528,102.20537426783514,1.4356554836624014
2024-11-25,3.181,267.78,13.714,426.342,582.386,98.75814964296802,103.14464439787994,108.8499087229145,103.58163265306122,100.45762445815573,103.64102975149754,316.528,102.20537426783514,1.4356554836624014
2024-11-26,3.181,267.78,13.714,426.342,582.386,98.75814964296802,103.14464439787994,108.8499087229145,103.58163265306122,100.45762445815573,103.64102975149754,316.528,102.20537426783514,1.4356554836624014
2024-11-27,3.181,267.78,13.714,426.342,582.386,98.75814964296802,103.14464439787994,108.8499087229145,103.58163265306122,100.45762445815573,103.64102975149754,316.528,102.20537426783514,1.4356554836624014
2024-11-28,3.181,267.78,13.714,426.342,582.386,98.75814964296802,103.14464439787994,108.8499087229145,103.58163265306122,100.45762445815573,103.64102975149754,316.528,102.20537426783514,1.4356554836624014
2024-11-29,3.181,267.78,13.714,426.342,582.386,98.75814964296802,103.14464439787994,108.8499087229145,103.58163265306122,100.45762445815573,103.64102975149754,316.528,102.20537426783514,1.4356554836624014
2024-11-30,3.181,267.78,13.714,426.342,582.386,98.75814964296802,103.14464439787994,108.8499087229145,103.58163265306122,100.45762445815573,103.64102975149754,316.528,102.20537426783514,1.4356554836624014
2024-12-01,3.145,270.901,14.262999999999998,427.68,585.788,97.64048432163925,104.34680451127821,113.20739741249304,103.9067055393586,101.04444632270373,104.92862128827402,317.604,102.55280951120123,2.3758117770727836
2024-12-02,3.145,270.901,14.262999999999998,427.68,585.788,97.64048432163925,104.34680451127821,113.20739741249304,103.9067055393586,101.04444632270373,104.92862128827402,317.604,102.55280951120123,2.3758117770727836
2024-12-03,3.145,270.901,14.262999999999998,427.68,585.788,97.64048432163925,104.34680451127821,113.20739741249304,103.9067055393586,101.04444632270373,104.92862128827402,317.604,102.55280951120123,2.3758117770727836
2024-12-04,3.145,270.901,14.262999999999998,427.68,585.788,97.64048432163925,104.34680451127821,113.20739741249304,103.9067055393586,101.04444632270373,104.92862128827402,317.604,102.55280951120123,2.3758117770727836
2024-12-05,3.145,270.901,14.262999999999998,427.68,585.788,97.64048432163925,104.34680451127821,113.20739741249304,103.9067055393586,101.04444632270373,104.92862128827402,317.604,102.55280951120123,2.3758117770727836
2024-12-06,3.145,270.901,14.262999999999998,427.68,585.788,97.64048432163925,104.34680451127821,113.20739741249304,103.9067055393586,101.04444632270373,104.92862128827402,317.604,102.55280951120123,2.3758117770727836
2024-12-07,3.145,270.901,14.262999999999998,427.68,585.788,97.64048432163925,104.34680451127821,113.20739741249304,103.9067055393586,101.04444632270373,104.92862128827402,317.604,102.55280951120123,2.3758117770727836
2024-12-08,3.145,270.901,14.262999999999998,427.68,585.788,97.64048432163925,104.34680451127821,113.20739741249304,103.9067055393586,101.04444632270373,104.92862128827402,317.604,102.55280951120123,2.3758117770727836
2024-12-09,3.145,270.901,14.262999999999998,427.68,585.788,97.64048432163925,104.34680451127821,113.20739741249304,103.9067055393586,101.04444632270373,104.92862128827402,317.604,102.55280951120123,2.3758117770727836
2024-12-10,3.145,270.901,14.262999999999998,427.68,585.788,97.64048432163925,104.34680451127821,113.20739741249304,103.9067055393586,101.04444632270373,104.92862128827402,317.604,102.55280951120123,2.3758117770727836
2024-12-11,3.145,270.901,14.262999999999998,427.68,585.788,97.64048432163925,104.34680451127821,113.20739741249304,103.9067055393586,101.04444632270373,104.92862128827402,317.604,102.55280951120123,2.3758117770727836
2024-12-12,3.145,270.901,14.262999999999998,427.68,585.788,97.64048432163925,104.34680451127821,113.20739741249304,103.9067055393586,101.04444632270373,104.92862128827402,317.604,102.55280951120123,2.3758117770727836
2024-12-13,3.145,270.901,14.262999999999998,427.68,585.788,97.64048432163925,104.34680451127821,113.20739741249304,103.9067055393586,101.04444632270373,104.92862128827402,317.604,102.55280951120123,2.3758117770727836
2024-12-14,3.145,270.901,14.262999999999998,427.68,585.788,97.64048432163925,104.34680451127821,113.20739741249304,103.9067055393586,101.04444632270373,104.92862128827402,317.604,102.55280951120123,2.3758117770727836
2024-12-15,3.145,270.901,14.262999999999998,427.68,585.788,97.64048432163925,104.34680451127821,113.20739741249304,103.9067055393586,101.04444632270373,104.92862128827402,317.604,102.55280951120123,2.3758117770727836
2024-12-16,3.145,270.901,14.262999999999998,427.68,585.788,97.64048432163925,104.34680451127821,113.20739741249304,103.9067055393586,101.04444632270373,104.92862128827402,317.604,102.55280951120123,2.3758117770727836
2024-12-17,3.145,270.901,14.262999999999998,427.68,585.788,97.64048432163925,104.34680451127821,113.20739741249304,103.9067055393586,101.04444632270373,104.92862128827402,317.604,102.55280951120123,2.3758117770727836
2024-12-18,3.145,270.901,14.262999999999998,427.68,585.788,97.64048432163925,104.34680451127821,113.20739741249304,103.9067055393586,101.04444632270373,104.92862128827402,317.604,102.55280951120123,2.3758117770727836
2024-12-19,3.145,270.901,14.262999999999998,427.68,585.788,97.64048432163925,104.34680451127821,113.20739741249304,103.9067055393586,101.04444632270373,104.92862128827402,317.604,102.55280951120123,2.3758117770727836
2024-12-20,3.145,270.901,14.262999999999998,427.68,585.788,97.64048432163925,104.34680451127821,113.20739741249304,103.9067055393586,101.04444632270373,104.92862128827402,317.604,102.55280951120123,2.3758117770727836
2024-12-21,3.145,270.901,14.262999999999998,427.68,585.788,97.64048432163925,104.34680451127821,113.20739741249304,103.9067055393586,101.04444632270373,104.92862128827402,317.604,102.55280951120123,2.3758117770727836
2024-12-22,3.145,270.901,14.262999999999998,427.68,585.788,97.64048432163925,104.34680451127821,113.20739741249304,103.9067055393586,101.04444632270373,104.92862128827402,317.604,102.55280951120123,2.3758117770727836
2024-12-23,3.145,270.901,14.262999999999998,427.68,585.788,97.64048432163925,104.34680451127821,113.20739741249304,103.9067055393586,101.04444632270373,104.92862128827402,317.604,102.55280951120123,2.3758117770727836
2024-12-24,3.145,270.901,14.262999999999998,427.68,585.788,97.64048432163925,104.34680451127821,113.20739741249304,103.9067055393586,101.04444632270373,104.92862128827402,317.604,102.55280951120123,2.3758117770727836
2024-12-25,3.145,270.901,14.262999999999998,427.68,585.788,97.64048432163925,104.34680451127821,113.20739741249304,103.9067055393586,101.04444632270373,104.92862128827402,317.604,102.55280951120123,2.3758117770727836
2024-12-26,3.145,270.901,14.262999999999998,427.68,585.788,97.64048432163925,104.34680451127821,113.20739741249304,103.9067055393586,101.04444632270373,104.92862128827402,317.604,102.55280951120123,2.3758117770727836
2024-12-27,3.145,270.901,14.262999999999998,427.68,585.788,97.64048432163925,104.34680451127821,113.20739741249304,103.9067055393586,101.04444632270373,104.92862128827402,317.604,102.55280951120123,2.3758117770727836
2024-12-28,3.145,270.901,14.262999999999998,427.68,585.788,97.64048432163925,104.34680451127821,113.20739741249304,103.9067055393586,101.04444632270373,104.92862128827402,317.604,102.55280951120123,2.3758117770727836
2024-12-29,3.145,270.901,14.262999999999998,427.68,585.788,97.64048432163925,104.34680451127821,113.20739741249304,103.9067055393586,101.04444632270373,104.92862128827402,317.604,102.55280951120123,2.3758117770727836
2024-12-30,3.145,270.901,14.262999999999998,427.68,585.788,97.64048432163925,104.34680451127821,113.20739741249304,103.9067055393586,101.04444632270373,104.92862128827402,317.604,102.55280951120123,2.3758117770727836
2024-12-31,3.145,270.901,14.262999999999998,427.68,585.788,97.64048432163925,104.34680451127821,113.20739741249304,103.9067055393586,101.04444632270373,104.92862128827402,317.604,102.55280951120123,2.3758117770727836
2025-01-01,3.211,271.847,14.872,429.087,593.918,99.689537410742,104.71118883273758,118.04111437415668,104.24854227405247,102.44681603427786,106.81197261741852,318.961,102.99097830789997,3.8209943095185537
2025-01-02,3.211,271.847,14.872,429.087,593.918,99.689537410742,104.71118883273758,118.04111437415668,104.24854227405247,102.44681603427786,106.81197261741852,318.961,102.99097830789997,3.8209943095185537
2025-01-03,3.211,271.847,14.872,429.087,593.918,99.689537410742,104.71118883273758,118.04111437415668,104.24854227405247,102.44681603427786,106.81197261741852,318.961,102.99097830789997,3.8209943095185537
2025-01-04,3.211,271.847,14.872,429.087,593.918,99.689537410742,104.71118883273758,118.04111437415668,104.24854227405247,102.44681603427786,106.81197261741852,318.961,102.99097830789997,3.8209943095185537
2025-01-05,3.211,271.847,14.872,429.087,593.918,99.689537410742,104.71118883273758,118.04111437415668,104.24854227405247,102.44681603427786,106.81197261741852,318.961,102.99097830789997,3.8209943095185537
2025-01-06,3.211,271.847,14.872,429.087,593.918,99.689537410742,104.71118883273758,118.04111437415668,104.24854227405247,102.44681603427786,106.81197261741852,318.961,102.99097830789997,3.8209943095185537
2025-01-07,3.211,271.847,14.872,429.087,593.918,99.689537410742,104.71118883273758,118.04111437415668,104.24854227405247,102.44681603427786,106.81197261741852,318.961,102.99097830789997,3.8209943095185537
2025-01-08,3.211,271.847,14.872,429.087,593.918,99.689537410742,104.71118883273758,118.04111437415668,104.24854227405247,102.44681603427786,106.81197261741852,318.961,102.99097830789997,3.8209943095185537
2025-01-09,3.211,271.847,14.872,429.087,593.918,99.689537410742,104.71118883273758,118.04111437415668,104.24854227405247,102.44681603427786,106.81197261741852,318.961,102.99097830789997,3.8209943095185537
2025-01-10,3.211,271.847,14.872,429.087,593.918,99.689537410742,104.71118883273758,118.04111437415668,104.24854227405247,102.44681603427786,106.81197261741852,318.961,102.99097830789997,3.8209943095185537
2025-01-11,3.211,271.847,14.872,429.087,593.918,99.689537410742,104.71118883273758,118.04111437415668,104.24854227405247,102.44681603427786,106.81197261741852,318.961,102.99097830789997,3.8209943095185537
2025-01-12,3.211,271.847,14.872,429.087,593.918,99.689537410742,104.71118883273758,118.04111437415668,104.24854227405247,102.44681603427786,106.81197261741852,318.961,102.99097830789997,3.8209943095185537
2025-01-13,3.211,271.847,14.872,429.087,593.918,99.689537410742,104.71118883273758,118.04111437415668,104.24854227405247,102.44681603427786,106.81197261741852,318.961,102.99097830789997,3.8209943095185537
2025-01-14,3.211,271.847,14.872,429.087,593.918,99.689537410742,104.71118883273758,118.04111437415668,104.24854227405247,102.44681603427786,106.81197261741852,318.961,102.99097830789997,3.8209943095185537
2025-01-15,3.211,271.847,14.872,429.087,593.918,99.689537410742,104.71118883273758,118.04111437415668,104.24854227405247,102.44681603427786,106.81197261741852,318.961,102.99097830789997,3.8209943095185537
2025-01-16,3.211,271.847,14.872,429.087,593.918,99.689537410742,104.71118883273758,118.04111437415668,104.24854227405247,102.44681603427786,106.81197261741852,318.961,102.99097830789997,3.8209943095185537
2025-01-17,3.211,271.847,14.872,429.087,593.918,99.689537410742,104.71118883273758,118.04111437415668,104.24854227405247,102.44681603427786,106.81197261741852,318.961,102.99097830789997,3.8209943095185537
2025-01-18,3.211,271.847,14.872,429.087,593.918,99.689537410742,104.71118883273758,118.04111437415668,104.24854227405247,102.44681603427786,106.81197261741852,318.961,102.99097830789997,3.8209943095185537
2025-01-19,3.211,271.847,14.872,429.087,593.918,99.689537410742,104.71118883273758,118.04111437415668,104.24854227405247,102.44681603427786,106.81197261741852,318.961,102.99097830789997,3.8209943095185537
2025-01-20,3.211,271.847,14.872,429.087,593.918,99.689537410742,104.71118883273758,118.04111437415668,104.24854227405247,102.44681603427786,106.81197261741852,318.961,102.99097830789997,3.8209943095185537
2025-01-21,3.211,271.847,14.872,429.087,593.918,99.689537410742,104.71118883273758,118.04111437415668,104.24854227405247,102.44681603427786,106.81197261741852,318.961,102.99097830789997,3.8209943095185537
2025-01-22,3.211,271.847,14.872,429.087,593.918,99.689537410742,104.71118883273758,118.04111437415668,104.24854227405247,102.44681603427786,106.81197261741852,318.961,102.99097830789997,3.8209943095185537
2025-01-23,3.211,271.847,14.872,429.087,593.918,99.689537410742,104.71118883273758,118.04111437415668,104.24854227405247,102.44681603427786,106.81197261741852,318.961,102.99097830789997,3.8209943095185537
2025-01-24,3.211,271.847,14.872,429.087,593.918,99.689537410742,104.71118883273758,118.04111437415668,104.24854227405247,102.44681603427786,106.81197261741852,318.961,102.99097830789997,3.8209943095185537
2025-01-25,3.211,271.847,14.872,429.087,593.918,99.689537410742,104.71118883273758,118.04111437415668,104.24854227405247,102.44681603427786,106.81197261741852,318.961,102.99097830789997,3.8209943095185537
2025-01-26,3.211,271.847,14.872,429.087,593.918,99.689537410742,104.71118883273758,118.04111437415668,104.24854227405247,102.44681603427786,106.81197261741852,318.961,102.99097830789997,3.8209943095185537
2025-01-27,3.211,271.847,14.872,429.087,593.918,99.689537410742,104.71118883273758,118.04111437415668,104.24854227405247,102.44681603427786,106.81197261741852,318.961,102.99097830789997,3.8209943095185537
2025-01-28,3.211,271.847,14.872,429.087,593.918,99.689537410742,104.71118883273758,118.04111437415668,104.24854227405247,102.44681603427786,106.81197261741852,318.961,102.99097830789997,3.8209943095185537
2025-01-29,3.211,271.847,14.872,429.087,593.918,99.689537410742,104.71118883273758,118.04111437415668,104.24854227405247,102.44681603427786,106.81197261741852,318.961,102.99097830789997,3.8209943095185537
2025-01-30,3.211,271.847,14.872,429.087,593.918,99.689537410742,104.71118883273758,118.04111437415668,104.24854227405247,102.44681603427786,106.81197261741852,318.961,102.99097830789997,3.8209943095185537
2025-01-31,3.211,271.847,14.872,429.087,593.918,99.689537410742,104.71118883273758,118.04111437415668,104.24854227405247,102.44681603427786,106.81197261741852,318.961,102.99097830789997,3.8209943095185537
2025-02-01,3.261,265.313,15.927,430.318,598.462,101.24185035703196,102.19439479847159,126.4147948249861,104.54761904761905,103.23062513260415,108.96801496374839,319.679,103.22281706694909,5.745197896799297
2025-02-02,3.261,265.313,15.927,430.318,598.462,101.24185035703196,102.19439479847159,126.4147948249861,104.54761904761905,103.23062513260415,108.96801496374839,319.679,103.22281706694909,5.745197896799297
2025-02-03,3.261,265.313,15.927,430.318,598.462,101.24185035703196,102.19439479847159,126.4147948249861,104.54761904761905,103.23062513260415,108.96801496374839,319.679,103.22281706694909,5.745197896799297
2025-02-04,3.261,265.313,15.927,430.318,598.462,101.24185035703196,102.19439479847159,126.4147948249861,104.54761904761905,103.23062513260415,108.96801496374839,319.679,103.22281706694909,5.745197896799297
2025-02-05,3.261,265.313,15.927,430.318,598.462,101.24185035703196,102.19439479847159,126.4147948249861,104.54761904761905,103.23062513260415,108.96801496374839,319.679,103.22281706694909,5.745197896799297
2025-02-06,3.261,265.313,15.927,430.318,598.462,101.24185035703196,102.19439479847159,126.4147948249861,104.54761904761905,103.23062513260415,108.96801496374839,319.679,103.22281706694909,5.745197896799297
2025-02-07,3.261,265.313,15.927,430.318,598.462,101.24185035703196,102.19439479847159,126.4147948249861,104.54761904761905,103.23062513260415,108.96801496374839,319.679,103.22281706694909,5.745197896799297
2025-02-08,3.261,265.313,15.927,430.318,598.462,101.24185035703196,102.19439479847159,126.4147948249861,104.54761904761905,103.23062513260415,108.96801496374839,319.679,103.22281706694909,5.745197896799297
2025-02-09,3.261,265.313,15.927,430.318,598.462,101.24185035703196,102.19439479847159,126.4147948249861,104.54761904761905,103.23062513260415,108.96801496374839,319.679,103.22281706694909,5.745197896799297
2025-02-10,3.261,265.313,15.927,430.318,598.462,101.24185035703196,102.19439479847159,126.4147948249861,104.54761904761905,103.23062513260415,108.96801496374839,319.679,103.22281706694909,5.745197896799297
2025-02-11,3.261,265.313,15.927,430.318,598.462,101.24185035703196,102.19439479847159,126.4147948249861,104.54761904761905,103.23062513260415,108.96801496374839,319.679,103.22281706694909,5.745197896799297
2025-02-12,3.261,265.313,15.927,430.318,598.462,101.24185035703196,102.19439479847159,126.4147948249861,104.54761904761905,103.23062513260415,108.96801496374839,319.679,103.22281706694909,5.745197896799297
2025-02-13,3.261,265.313,15.927,430.318,598.462,101.24185035703196,102.19439479847159,126.4147948249861,104.54761904761905,103.23062513260415,108.96801496374839,319.679,103.22281706694909,5.745197896799297
2025-02-14,3.261,265.313,15.927,430.318,598.462,101.24185035703196,102.19439479847159,126.4147948249861,104.54761904761905,103.23062513260415,108.96801496374839,319.679,103.22281706694909,5.745197896799297
2025-02-15,3.261,265.313,15.927,430.318,598.462,101.24185035703196,102.19439479847159,126.4147948249861,104.54761904761905,103.23062513260415,108.96801496374839,319.679,103.22281706694909,5.745197896799297
2025-02-16,3.261,265.313,15.927,430.318,598.462,101.24185035703196,102.19439479847159,126.4147948249861,104.54761904761905,103.23062513260415,108.96801496374839,319.679,103.22281706694909,5.745197896799297
2025-02-17,3.261,265.313,15.927,430.318,598.462,101.24185035703196,102.19439479847159,126.4147948249861,104.54761904761905,103.23062513260415,108.96801496374839,319.679,103.22281706694909,5.745197896799297
2025-02-18,3.261,265.313,15.927,430.318,598.462,101.24185035703196,102.19439479847159,126.4147948249861,104.54761904761905,103.23062513260415,108.96801496374839,319.679,103.22281706694909,5.745197896799297
2025-02-19,3.261,265.313,15.927,430.318,598.462,101.24185035703196,102.19439479847159,126.4147948249861,104.54761904761905,103.23062513260415,108.96801496374839,319.679,103.22281706694909,5.745197896799297
2025-02-20,3.261,265.313,15.927,430.318,598.462,101.24185035703196,102.19439479847159,126.4147948249861,104.54761904761905,103.23062513260415,108.96801496374839,319.679,103.22281706694909,5.745197896799297
2025-02-21,3.261,265.313,15.927,430.318,598.462,101.24185035703196,102.19439479847159,126.4147948249861,104.54761904761905,103.23062513260415,108.96801496374839,319.679,103.22281706694909,5.745197896799297
2025-02-22,3.261,265.313,15.927,430.318,598.462,101.24185035703196,102.19439479847159,126.4147948249861,104.54761904761905,103.23062513260415,108.96801496374839,319.679,103.22281706694909,5.745197896799297
2025-02-23,3.261,265.313,15.927,430.318,598.462,101.24185035703196,102.19439479847159,126.4147948249861,104.54761904761905,103.23062513260415,108.96801496374839,319.679,103.22281706694909,5.745197896799297
2025-02-24,3.261,265.313,15.927,430.318,598.462,101.24185035703196,102.19439479847159,126.4147948249861,104.54761904761905,103.23062513260415,108.96801496374839,319.679,103.22281706694909,5.745197896799297
2025-02-25,3.261,265.313,15.927,430.318,598.462,101.24185035703196,102.19439479847159,126.4147948249861,104.54761904761905,103.23062513260415,108.96801496374839,319.679,103.22281706694909,5.745197896799297
2025-02-26,3.261,265.313,15.927,430.318,598.462,101.24185035703196,102.19439479847159,126.4147948249861,104.54761904761905,103.23062513260415,108.96801496374839,319.679,103.22281706694909,5.745197896799297
2025-02-27,3.261,265.313,15.927,430.318,598.462,101.24185035703196,102.19439479847159,126.4147948249861,104.54761904761905,103.23062513260415,108.96801496374839,319.679,103.22281706694909,5.745197896799297
2025-02-28,3.261,265.313,15.927,430.318,598.462,101.24185035703196,102.19439479847159,126.4147948249861,104.54761904761905,103.23062513260415,108.96801496374839,319.679,103.22281706694909,5.745197896799297
2025-03-01,3.232,256.838,16.317,431.645,593.093,100.3415088481838,98.9299580919512,129.51027859353917,104.87001943634596,102.30450914472698,109.07497189201787,319.785,103.25704395895359,5.817927933064283
2025-03-02,3.232,256.838,16.317,431.645,593.093,100.3415088481838,98.9299580919512,129.51027859353917,104.87001943634596,102.30450914472698,109.07497189201787,319.785,103.25704395895359,5.817927933064283
2025-03-03,3.232,256.838,16.317,431.645,593.093,100.3415088481838,98.9299580919512,129.51027859353917,104.87001943634596,102.30450914472698,109.07497189201787,319.785,103.25704395895359,5.817927933064283
2025-03-04,3.232,256.838,16.317,431.645,593.093,100.3415088481838,98.9299580919512,129.51027859353917,104.87001943634596,102.30450914472698,109.07497189201787,319.785,103.25704395895359,5.817927933064283
2025-03-05,3.232,256.838,16.317,431.645,593.093,100.3415088481838,98.9299580919512,129.51027859353917,104.87001943634596,102.30450914472698,109.07497189201787,319.785,103.25704395895359,5.817927933064283
2025-03-06,3.232,256.838,16.317,431.645,593.093,100.3415088481838,98.9299580919512,129.51027859353917,104.87001943634596,102.30450914472698,109.07497189201787,319.785,103.25704395895359,5.817927933064283
2025-03-07,3.232,256.838,16.317,431.645,593.093,100.3415088481838,98.9299580919512,129.51027859353917,104.87001943634596,102.30450914472698,109.07497189201787,319.785,103.25704395895359,5.817927933064283
2025-03-08,3.232,256.838,16.317,431.645,593.093,100.3415088481838,98.9299580919512,129.51027859353917,104.87001943634596,102.30450914472698,109.07497189201787,319.785,103.25704395895359,5.817927933064283
2025-03-09,3.232,256.838,16.317,431.645,593.093,100.3415088481838,98.9299580919512,129.51027859353917,104.87001943634596,102.30450914472698,109.07497189201787,319.785,103.25704395895359,5.817927933064283
2025-03-10,3.232,256.838,16.317,431.645,593.093,100.3415088481838,98.9299580919512,129.51027859353917,104.87001943634596,102.30450914472698,109.07497189201787,319.785,103.25704395895359,5.817927933064283
2025-03-11,3.232,256.838,16.317,431.645,593.093,100.3415088481838,98.9299580919512,129.51027859353917,104.87001943634596,102.30450914472698,109.07497189201787,319.785,103.25704395895359,5.817927933064283
2025-03-12,3.232,256.838,16.317,431.645,593.093,100.3415088481838,98.9299580919512,129.51027859353917,104.87001943634596,102.30450914472698,109.07497189201787,319.785,103.25704395895359,5.817927933064283
2025-03-13,3.232,256.838,16.317,431.645,593.093,100.3415088481838,98.9299580919512,129.51027859353917,104.87001943634596,102.30450914472698,109.07497189201787,319.785,103.25704395895359,5.817927933064283
2025-03-14,3.232,256.838,16.317,431.645,593.093,100.3415088481838,98.9299580919512,129.51027859353917,104.87001943634596,102.30450914472698,109.07497189201787,319.785,103.25704395895359,5.817927933064283
2025-03-15,3.232,256.838,16.317,431.645,593.093,100.3415088481838,98.9299580919512,129.51027859353917,104.87001943634596,102.30450914472698,109.07497189201787,319.785,103.25704395895359,5.817927933064283
2025-03-16,3.232,256.838,16.317,431.645,593.093,100.3415088481838,98.9299580919512,129.51027859353917,104.87001943634596,102.30450914472698,109.07497189201787,319.785,103.25704395895359,5.817927933064283
2025-03-17,3.232,256.838,16.317,431.645,593.093,100.3415088481838,98.9299580919512,129.51027859353917,104.87001943634596,102.30450914472698,109.07497189201787,319.785,103.25704395895359,5.817927933064283
2025-03-18,3.232,256.838,16.317,431.645,593.093,100.3415088481838,98.9299580919512,129.51027859353917,104.87001943634596,102.30450914472698,109.07497189201787,319.785,103.25704395895359,5.817927933064283
2025-03-19,3.232,256.838,16.317,431.645,593.093,100.3415088481838,98.9299580919512,129.51027859353917,104.87001943634596,102.30450914472698,109.07497189201787,319.785,103.25704395895359,5.817927933064283
2025-03-20,3.232,256.838,16.317,431.645,593.093,100.3415088481838,98.9299580919512,129.51027859353917,104.87001943634596,102.30450914472698,109.07497189201787,319.785,103.25704395895359,5.817927933064283
2025-03-21,3.232,256.838,16.317,431.645,593.093,100.3415088481838,98.9299580919512,129.51027859353917,104.87001943634596,102.30450914472698,109.07497189201787,319.785,103.25704395895359,5.817927933064283
2025-03-22,3.232,256.838,16.317,431.645,593.093,100.3415088481838,98.9299580919512,129.51027859353917,104.87001943634596,102.30450914472698,109.07497189201787,319.785,103.25704395895359,5.817927933064283
2025-03-23,3.232,256.838,16.317,431.645,593.093,100.3415088481838,98.9299580919512,129.51027859353917,104.87001943634596,102.30450914472698,109.07497189201787,319.785,103.25704395895359,5.817927933064283
2025-03-24,3.232,256.838,16.317,431.645,593.093,100.3415088481838,98.9299580919512,129.51027859353917,104.87001943634596,102.30450914472698,109.07497189201787,319.785,103.25704395895359,5.817927933064283
2025-03-25,3.232,256.838,16.317,431.645,593.093,100.3415088481838,98.9299580919512,129.51027859353917,104.87001943634596,102.30450914472698,109.07497189201787,319.785,103.25704395895359,5.817927933064283
2025-03-26,3.232,256.838,16.317,431.645,593.093,100.3415088481838,98.9299580919512,129.51027859353917,104.87001943634596,102.30450914472698,109.07497189201787,319.785,103.25704395895359,5.817927933064283
2025-03-27,3.232,256.838,16.317,431.645,593.093,100.3415088481838,98.9299580919512,129.51027859353917,104.87001943634596,102.30450914472698,109.07497189201787,319.785,103.25704395895359,5.817927933064283
2025-03-28,3.232,256.838,16.317,431.645,593.093,100.3415088481838,98.9299580919512,129.51027859353917,104.87001943634596,102.30450914472698,109.07497189201787,319.785,103.25704395895359,5.817927933064283
2025-03-29,3.232,256.838,16.317,431.645,593.093,100.3415088481838,98.9299580919512,129.51027859353917,104.87001943634596,102.30450914472698,109.07497189201787,319.785,103.25704395895359,5.817927933064283
2025-03-30,3.232,256.838,16.317,431.645,593.093,100.3415088481838,98.9299580919512,129.51027859353917,104.87001943634596,102.30450914472698,109.07497189201787,319.785,103.25704395895359,5.817927933064283
2025-03-31,3.232,256.838,16.317,431.645,593.093,100.3415088481838,98.9299580919512,129.51027859353917,104.87001943634596,102.30450914472698,109.07497189201787,319.785,103.25704395895359,5.817927933064283
2025-04-01,3.33,252.897,15.289,433.043,591.667,103.38404222291213,97.4119468753852,121.35090086514802,105.20966958211855,102.05853384230328,107.32880453201265,320.302,103.42398078127727,3.904823750735389
2025-04-02,3.33,252.897,15.289,433.043,591.667,103.38404222291213,97.4119468753852,121.35090086514802,105.20966958211855,102.05853384230328,107.32880453201265,320.302,103.42398078127727,3.904823750735389
2025-04-03,3.33,252.897,15.289,433.043,591.667,103.38404222291213,97.4119468753852,121.35090086514802,105.20966958211855,102.05853384230328,107.32880453201265,320.302,103.42398078127727,3.904823750735389
2025-04-04,3.33,252.897,15.289,433.043,591.667,103.38404222291213,97.4119468753852,121.35090086514802,105.20966958211855,102.05853384230328,107.32880453201265,320.302,103.42398078127727,3.904823750735389
2025-04-05,3.33,252.897,15.289,433.043,591.667,103.38404222291213,97.4119468753852,121.35090086514802,105.20966958211855,102.05853384230328,107.32880453201265,320.302,103.42398078127727,3.904823750735389
2025-04-06,3.33,252.897,15.289,433.043,591.667,103.38404222291213,97.4119468753852,121.35090086514802,105.20966958211855,102.05853384230328,107.32880453201265,320.302,103.42398078127727,3.904823750735389
2025-04-07,3.33,252.897,15.289,433.043,591.667,103.38404222291213,97.4119468753852,121.35090086514802,105.20966958211855,102.05853384230328,107.32880453201265,320.302,103.42398078127727,3.904823750735389
2025-04-08,3.33,252.897,15.289,433.043,591.667,103.38404222291213,97.4119468753852,121.35090086514802,105.20966958211855,102.05853384230328,107.32880453201265,320.302,103.42398078127727,3.904823750735389
2025-04-09,3.33,252.897,15.289,433.043,591.667,103.38404222291213,97.4119468753852,121.35090086514802,105.20966958211855,102.05853384230328,107.32880453201265,320.302,103.42398078127727,3.904823750735389
2025-04-10,3.33,252.897,15.289,433.043,591.667,103.38404222291213,97.4119468753852,121.35090086514802,105.20966958211855,102.05853384230328,107.32880453201265,320.302,103.42398078127727,3.904823750735389
2025-04-11,3.33,252.897,15.289,433.043,591.667,103.38404222291213,97.4119468753852,121.35090086514802,105.20966958211855,102.05853384230328,107.32880453201265,320.302,103.42398078127727,3.904823750735389
2025-04-12,3.33,252.897,15.289,433.043,591.667,103.38404222291213,97.4119468753852,121.35090086514802,105.20966958211855,102.05853384230328,107.32880453201265,320.302,103.42398078127727,3.904823750735389
2025-04-13,3.33,252.897,15.289,433.043,591.667,103.38404222291213,97.4119468753852,121.35090086514802,105.20966958211855,102.05853384230328,107.32880453201265,320.302,103.42398078127727,3.904823750735389
2025-04-14,3.33,252.897,15.289,433.043,591.667,103.38404222291213,97.4119468753852,121.35090086514802,105.20966958211855,102.05853384230328,107.32880453201265,320.302,103.42398078127727,3.904823750735389
2025-04-15,3.33,252.897,15.289,433.043,591.667,103.38404222291213,97.4119468753852,121.35090086514802,105.20966958211855,102.05853384230328,107.32880453201265,320.302,103.42398078127727,3.904823750735389
2025-04-16,3.33,252.897,15.289,433.043,591.667,103.38404222291213,97.4119468753852,121.35090086514802,105.20966958211855,102.05853384230328,107.32880453201265,320.302,103.42398078127727,3.904823750735389
2025-04-17,3.33,252.897,15.289,433.043,591.667,103.38404222291213,97.4119468753852,121.35090086514802,105.20966958211855,102.05853384230328,107.32880453201265,320.302,103.42398078127727,3.904823750735389
2025-04-18,3.33,252.897,15.289,433.043,591.667,103.38404222291213,97.4119468753852,121.35090086514802,105.20966958211855,102.05853384230328,107.32880453201265,320.302,103.42398078127727,3.904823750735389
2025-04-19,3.33,252.897,15.289,433.043,591.667,103.38404222291213,97.4119468753852,121.35090086514802,105.20966958211855,102.05853384230328,107.32880453201265,320.302,103.42398078127727,3.904823750735389
2025-04-20,3.33,252.897,15.289,433.043,591.667,103.38404222291213,97.4119468753852,121.35090086514802,105.20966958211855,102.05853384230328,107.32880453201265,320.302,103.42398078127727,3.904823750735389
2025-04-21,3.33,252.897,15.289,433.043,591.667,103.38404222291213,97.4119468753852,121.35090086514802,105.20966958211855,102.05853384230328,107.32880453201265,320.302,103.42398078127727,3.904823750735389
2025-04-22,3.33,252.897,15.289,433.043,591.667,103.38404222291213,97.4119468753852,121.35090086514802,105.20966958211855,102.05853384230328,107.32880453201265,320.302,103.42398078127727,3.904823750735389
2025-04-23,3.33,252.897,15.289,433.043,591.667,103.38404222291213,97.4119468753852,121.35090086514802,105.20966958211855,102.05853384230328,107.32880453201265,320.302,103.42398078127727,3.904823750735389
2025-04-24,3.33,252.897,15.289,433.043,591.667,103.38404222291213,97.4119468753852,121.35090086514802,105.20966958211855,102.05853384230328,107.32880453201265,320.302,103.42398078127727,3.904823750735389
2025-04-25,3.33,252.897,15.289,433.043,591.667,103.38404222291213,97.4119468753852,121.35090086514802,105.20966958211855,102.05853384230328,107.32880453201265,320.302,103.42398078127727,3.904823750735389
2025-04-26,3.33,252.897,15.289,433.043,591.667,103.38404222291213,97.4119468753852,121.35090086514802,105.20966958211855,102.05853384230328,107.32880453201265,320.302,103.42398078127727,3.904823750735389
2025-04-27,3.33,252.897,15.289,433.043,591.667,103.38404222291213,97.4119468753852,121.35090086514802,105.20966958211855,102.05853384230328,107.32880453201265,320.302,103.42398078127727,3.904823750735389
2025-04-28,3.33,252.897,15.289,433.043,591.667,103.38404222291213,97.4119468753852,121.35090086514802,105.20966958211855,102.05853384230328,107.32880453201265,320.302,103.42398078127727,3.904823750735389
2025-04-29,3.33,252.897,15.289,433.043,591.667,103.38404222291213,97.4119468753852,121.35090086514802,105.20966958211855,102.05853384230328,107.32880453201265,320.302,103.42398078127727,3.904823750735389
2025-04-30,3.33,252.897,15.289,433.043,591.667,103.38404222291213,97.4119468753852,121.35090086514802,105.20966958211855,102.05853384230328,107.32880453201265,320.302,103.42398078127727,3.904823750735389
2025-05-01,3.306,247.099,14.662,434.038,594.158,102.63893200869296,95.17864846542587,116.37431542185888,105.4514091350826,102.48821440214722,105.7748708274294,320.62,103.52666145729066,2.2482093701387384
2025-05-02,3.306,247.099,14.662,434.038,594.158,102.63893200869296,95.17864846542587,116.37431542185888,105.4514091350826,102.48821440214722,105.7748708274294,320.62,103.52666145729066,2.2482093701387384
2025-05-03,3.306,247.099,14.662,434.038,594.158,102.63893200869296,95.17864846542587,116.37431542185888,105.4514091350826,102.48821440214722,105.7748708274294,320.62,103.52666145729066,2.2482093701387384
2025-05-04,3.306,247.099,14.662,434.038,594.158,102.63893200869296,95.17864846542587,116.37431542185888,105.4514091350826,102.48821440214722,105.7748708274294,320.62,103.52666145729066,2.2482093701387384
2025-05-05,3.306,247.099,14.662,434.038,594.158,102.63893200869296,95.17864846542587,116.37431542185888,105.4514091350826,102.48821440214722,105.7748708274294,320.62,103.52666145729066,2.2482093701387384
2025-05-06,3.306,247.099,14.662,434.038,594.158,102.63893200869296,95.17864846542587,116.37431542185888,105.4514091350826,102.48821440214722,105.7748708274294,320.62,103.52666145729066,2.2482093701387384
2025-05-07,3.306,247.099,14.662,434.038,594.158,102.63893200869296,95.17864846542587,116.37431542185888,105.4514091350826,102.48821440214722,105.7748708274294,320.62,103.52666145729066,2.2482093701387384
2025-05-08,3.306,247.099,14.662,434.038,594.158,102.63893200869296,95.17864846542587,116.37431542185888,105.4514091350826,102.48821440214722,105.7748708274294,320.62,103.52666145729066,2.2482093701387384
2025-05-09,3.306,247.099,14.662,434.038,594.158,102.63893200869296,95.17864846542587,116.37431542185888,105.4514091350826,102.48821440214722,105.7748708274294,320.62,103.52666145729066,2.2482093701387384
2025-05-10,3.306,247.099,14.662,434.038,594.158,102.63893200869296,95.17864846542587,116.37431542185888,105.4514091350826,102.48821440214722,105.7748708274294,320.62,103.52666145729066,2.2482093701387384
2025-05-11,3.306,247.099,14.662,434.038,594.158,102.63893200869296,95.17864846542587,116.37431542185888,105.4514091350826,102.48821440214722,105.7748708274294,320.62,103.52666145729066,2.2482093701387384
2025-05-12,3.306,247.099,14.662,434.038,594.158,102.63893200869296,95.17864846542587,116.37431542185888,105.4514091350826,102.48821440214722,105.7748708274294,320.62,103.52666145729066,2.2482093701387384
2025-05-13,3.306,247.099,14.662,434.038,594.158,102.63893200869296,95.17864846542587,116.37431542185888,105.4514091350826,102.48821440214722,105.7748708274294,320.62,103.52666145729066,2.2482093701387384
2025-05-14,3.306,247.099,14.662,434.038,594.158,102.63893200869296,95.17864846542587,116.37431542185888,105.4514091350826,102.48821440214722,105.7748708274294,320.62,103.52666145729066,2.2482093701387384
2025-05-15,3.306,247.099,14.662,434.038,594.158,102.63893200869296,95.17864846542587,116.37431542185888,105.4514091350826,102.48821440214722,105.7748708274294,320.62,103.52666145729066,2.2482093701387384
2025-05-16,3.306,247.099,14.662,434.038,594.158,102.63893200869296,95.17864846542587,116.37431542185888,105.4514091350826,102.48821440214722,105.7748708274294,320.62,103.52666145729066,2.2482093701387384
2025-05-17,3.306,247.099,14.662,434.038,594.158,102.63893200869296,95.17864846542587,116.37431542185888,105.4514091350826,102.48821440214722,105.7748708274294,320.62,103.52666145729066,2.2482093701387384
2025-05-18,3.306,247.099,14.662,434.038,594.158,102.63893200869296,95.17864846542587,116.37431542185888,105.4514091350826,102.48821440214722,105.7748708274294,320.62,103.52666145729066,2.2482093701387384
2025-05-19,3.306,247.099,14.662,434.038,594.158,102.63893200869296,95.17864846542587,116.37431542185888,105.4514091350826,102.48821440214722,105.7748708274294,320.62,103.52666145729066,2.2482093701387384
2025-05-20,3.306,247.099,14.662,434.038,594.158,102.63893200869296,95.17864846542587,116.37431542185888,105.4514091350826,102.48821440214722,105.7748708274294,320.62,103.52666145729066,2.2482093701387384
2025-05-21,3.306,247.099,14.662,434.038,594.158,102.63893200869296,95.17864846542587,116.37431542185888,105.4514091350826,102.48821440214722,105.7748708274294,320.62,103.52666145729066,2.2482093701387384
2025-05-22,3.306,247.099,14.662,434.038,594.158,102.63893200869296,95.17864846542587,116.37431542185888,105.4514091350826,102.48821440214722,105.7748708274294,320.62,103.52666145729066,2.2482093701387384
2025-05-23,3.306,247.099,14.662,434.038,594.158,102.63893200869296,95.17864846542587,116.37431542185888,105.4514091350826,102.48821440214722,105.7748708274294,320.62,103.52666145729066,2.2482093701387384
2025-05-24,3.306,247.099,14.662,434.038,594.158,102.63893200869296,95.17864846542587,116.37431542185888,105.4514091350826,102.48821440214722,105.7748708274294,320.62,103.52666145729066,2.2482093701387384
2025-05-25,3.306,247.099,14.662,434.038,594.158,102.63893200869296,95.17864846542587,116.37431542185888,105.4514091350826,102.48821440214722,105.7748708274294,320.62,103.52666145729066,2.2482093701387384
2025-05-26,3.306,247.099,14.662,434.038,594.158,102.63893200869296,95.17864846542587,116.37431542185888,105.4514091350826,102.48821440214722,105.7748708274294,320.62,103.52666145729066,2.2482093701387384
2025-05-27,3.306,247.099,14.662,434.038,594.158,102.63893200869296,95.17864846542587,116.37431542185888,105.4514091350826,102.48821440214722,105.7748708274294,320.62,103.52666145729066,2.2482093701387384
2025-05-28,3.306,247.099,14.662,434.038,594.158,102.63893200869296,95.17864846542587,116.37431542185888,105.4514091350826,102.48821440214722,105.7748708274294,320.62,103.52666145729066,2.2482093701387384
2025-05-29,3.306,247.099,14.662,434.038,594.158,102.63893200869296,95.17864846542587,116.37431542185888,105.4514091350826,102.48821440214722,105.7748708274294,320.62,103.52666145729066,2.2482093701387384
2025-05-30,3.306,247.099,14.662,434.038,594.158,102.63893200869296,95.17864846542587,116.37431542185888,105.4514091350826,102.48821440214722,105.7748708274294,320.62,103.52666145729066,2.2482093701387384
2025-05-31,3.306,247.099,14.662,434.038,594.158,102.63893200869296,95.17864846542587,116.37431542185888,105.4514091350826,102.48821440214722,105.7748708274294,320.62,103.52666145729066,2.2482093701387384
2025-06-01,3.306,249.029,13.907,435.033,595.773,102.63893200869296,95.92205411068656,110.38177633145487,105.69314868804665,102.76679091926802,104.50255524507483,321.435,103.78982105147597,0.7127341935988625
2025-06-02,3.306,249.029,13.907,435.033,595.773,102.63893200869296,95.92205411068656,110.38177633145487,105.69314868804665,102.76679091926802,104.50255524507483,321.435,103.78982105147597,0.7127341935988625
2025-06-03,3.306,249.029,13.907,435.033,595.773,102.63893200869296,95.92205411068656,110.38177633145487,105.69314868804665,102.76679091926802,104.50255524507483,321.435,103.78982105147597,0.7127341935988625
2025-06-04,3.306,249.029,13.907,435.033,595.773,102.63893200869296,95.92205411068656,110.38177633145487,105.69314868804665,102.76679091926802,104.50255524507483,321.435,103.78982105147597,0.7127341935988625
2025-06-05,3.306,249.029,13.907,435.033,595.773,102.63893200869296,95.92205411068656,110.38177633145487,105.69314868804665,102.76679091926802,104.50255524507483,321.435,103.78982105147597,0.7127341935988625
2025-06-06,3.306,249.029,13.907,435.033,595.773,102.63893200869296,95.92205411068656,110.38177633145487,105.69314868804665,102.76679091926802,104.50255524507483,321.435,103.78982105147597,0.7127341935988625
2025-06-07,3.306,249.029,13.907,435.033,595.773,102.63893200869296,95.92205411068656,110.38177633145487,105.69314868804665,102.76679091926802,104.50255524507483,321.435,103.78982105147597,0.7127341935988625
2025-06-08,3.306,249.029,13.907,435.033,595.773,102.63893200869296,95.92205411068656,110.38177633145487,105.69314868804665,102.76679091926802,104.50255524507483,321.435,103.78982105147597,0.7127341935988625
2025-06-09,3.306,249.029,13.907,435.033,595.773,102.63893200869296,95.92205411068656,110.38177633145487,105.69314868804665,102.76679091926802,104.50255524507483,321.435,103.78982105147597,0.7127341935988625
2025-06-10,3.306,249.029,13.907,435.033,595.773,102.63893200869296,95.92205411068656,110.38177633145487,105.69314868804665,102.76679091926802,104.50255524507483,321.435,103.78982105147597,0.7127341935988625
2025-06-11,3.306,249.029,13.907,435.033,595.773,102.63893200869296,95.92205411068656,110.38177633145487,105.69314868804665,102.76679091926802,104.50255524507483,321.435,103.78982105147597,0.7127341935988625
2025-06-12,3.306,249.029,13.907,435.033,595.773,102.63893200869296,95.92205411068656,110.38177633145487,105.69314868804665,102.76679091926802,104.50255524507483,321.435,103.78982105147597,0.7127341935988625
2025-06-13,3.306,249.029,13.907,435.033,595.773,102.63893200869296,95.92205411068656,110.38177633145487,105.69314868804665,102.76679091926802,104.50255524507483,321.435,103.78982105147597,0.7127341935988625
2025-06-14,3.306,249.029,13.907,435.033,595.773,102.63893200869296,95.92205411068656,110.38177633145487,105.69314868804665,102.76679091926802,104.50255524507483,321.435,103.78982105147597,0.7127341935988625
2025-06-15,3.306,249.029,13.907,435.033,595.773,102.63893200869296,95.92205411068656,110.38177633145487,105.69314868804665,102.76679091926802,104.50255524507483,321.435,103.78982105147597,0.7127341935988625
2025-06-16,3.306,249.029,13.907,435.033,595.773,102.63893200869296,95.92205411068656,110.38177633145487,105.69314868804665,102.76679091926802,104.50255524507483,321.435,103.78982105147597,0.7127341935988625
2025-06-17,3.306,249.029,13.907,435.033,595.773,102.63893200869296,95.92205411068656,110.38177633145487,105.69314868804665,102.76679091926802,104.50255524507483,321.435,103.78982105147597,0.7127341935988625
2025-06-18,3.306,249.029,13.907,435.033,595.773,102.63893200869296,95.92205411068656,110.38177633145487,105.69314868804665,102.76679091926802,104.50255524507483,321.435,103.78982105147597,0.7127341935988625
2025-06-19,3.306,249.029,13.907,435.033,595.773,102.63893200869296,95.92205411068656,110.38177633145487,105.69314868804665,102.76679091926802,104.50255524507483,321.435,103.78982105147597,0.7127341935988625
2025-06-20,3.306,249.029,13.907,435.033,595.773,102.63893200869296,95.92205411068656,110.38177633145487,105.69314868804665,102.76679091926802,104.50255524507483,321.435,103.78982105147597,0.7127341935988625
2025-06-21,3.306,249.029,13.907,435.033,595.773,102.63893200869296,95.92205411068656,110.38177633145487,105.69314868804665,102.76679091926802,104.50255524507483,321.435,103.78982105147597,0.7127341935988625
2025-06-22,3.306,249.029,13.907,435.033,595.773,102.63893200869296,95.92205411068656,110.38177633145487,105.69314868804665,102.76679091926802,104.50255524507483,321.435,103.78982105147597,0.7127341935988625
2025-06-23,3.306,249.029,13.907,435.033,595.773,102.63893200869296,95.92205411068656,110.38177633145487,105.69314868804665,102.76679091926802,104.50255524507483,321.435,103.78982105147597,0.7127341935988625
2025-06-24,3.306,249.029,13.907,435.033,595.773,102.63893200869296,95.92205411068656,110.38177633145487,105.69314868804665,102.76679091926802,104.50255524507483,321.435,103.78982105147597,0.7127341935988625
2025-06-25,3.306,249.029,13.907,435.033,595.773,102.63893200869296,95.92205411068656,110.38177633145487,105.69314868804665,102.76679091926802,104.50255524507483,321.435,103.78982105147597,0.7127341935988625
2025-06-26,3.306,249.029,13.907,435.033,595.773,102.63893200869296,95.92205411068656,110.38177633145487,105.69314868804665,102.76679091926802,104.50255524507483,321.435,103.78982105147597,0.7127341935988625
2025-06-27,3.306,249.029,13.907,435.033,595.773,102.63893200869296,95.92205411068656,110.38177633145487,105.69314868804665,102.76679091926802,104.50255524507483,321.435,103.78982105147597,0.7127341935988625
2025-06-28,3.306,249.029,13.907,435.033,595.773,102.63893200869296,95.92205411068656,110.38177633145487,105.69314868804665,102.76679091926802,104.50255524507483,321.435,103.78982105147597,0.7127341935988625
2025-06-29,3.306,249.029,13.907,435.033,595.773,102.63893200869296,95.92205411068656,110.38177633145487,105.69314868804665,102.76679091926802,104.50255524507483,321.435,103.78982105147597,0.7127341935988625
2025-06-30,3.306,249.029,13.907,435.033,595.773,102.63893200869296,95.92205411068656,110.38177633145487,105.69314868804665,102.76679091926802,104.50255524507483,321.435,103.78982105147597,0.7127341935988625
2025-07-01,3.285,254.879,13.816,436.05,594.384,101.98696057125116,98.17538210279798,109.65949678545917,105.9402332361516,102.52719786522417,104.60037524810126,322.169,104.02682613384653,0.5735491142547318
2025-07-02,3.285,254.879,13.816,436.05,594.384,101.98696057125116,98.17538210279798,109.65949678545917,105.9402332361516,102.52719786522417,104.60037524810126,322.169,104.02682613384653,0.5735491142547318
2025-07-03,3.285,254.879,13.816,436.05,594.384,101.98696057125116,98.17538210279798,109.65949678545917,105.9402332361516,102.52719786522417,104.60037524810126,322.169,104.02682613384653,0.5735491142547318
2025-07-04,3.285,254.879,13.816,436.05,594.384,101.98696057125116,98.17538210279798,109.65949678545917,105.9402332361516,102.52719786522417,104.60037524810126,322.169,104.02682613384653,0.5735491142547318
2025-07-05,3.285,254.879,13.816,436.05,594.384,101.98696057125116,98.17538210279798,109.65949678545917,105.9402332361516,102.52719786522417,104.60037524810126,322.169,104.02682613384653,0.5735491142547318
2025-07-06,3.285,254.879,13.816,436.05,594.384,101.98696057125116,98.17538210279798,109.65949678545917,105.9402332361516,102.52719786522417,104.60037524810126,322.169,104.02682613384653,0.5735491142547318
2025-07-07,3.285,254.879,13.816,436.05,594.384,101.98696057125116,98.17538210279798,109.65949678545917,105.9402332361516,102.52719786522417,104.60037524810126,322.169,104.02682613384653,0.5735491142547318
2025-07-08,3.285,254.879,13.816,436.05,594.384,101.98696057125116,98.17538210279798,109.65949678545917,105.9402332361516,102.52719786522417,104.60037524810126,322.169,104.02682613384653,0.5735491142547318
2025-07-09,3.285,254.879,13.816,436.05,594.384,101.98696057125116,98.17538210279798,109.65949678545917,105.9402332361516,102.52719786522417,104.60037524810126,322.169,104.02682613384653,0.5735491142547318
2025-07-10,3.285,254.879,13.816,436.05,594.384,101.98696057125116,98.17538210279798,109.65949678545917,105.9402332361516,102.52719786522417,104.60037524810126,322.169,104.02682613384653,0.5735491142547318
2025-07-11,3.285,254.879,13.816,436.05,594.384,101.98696057125116,98.17538210279798,109.65949678545917,105.9402332361516,102.52719786522417,104.60037524810126,322.169,104.02682613384653,0.5735491142547318
2025-07-12,3.285,254.879,13.816,436.05,594.384,101.98696057125116,98.17538210279798,109.65949678545917,105.9402332361516,102.52719786522417,104.60037524810126,322.169,104.02682613384653,0.5735491142547318
2025-07-13,3.285,254.879,13.816,436.05,594.384,101.98696057125116,98.17538210279798,109.65949678545917,105.9402332361516,102.52719786522417,104.60037524810126,322.169,104.02682613384653,0.5735491142547318
2025-07-14,3.285,254.879,13.816,436.05,594.384,101.98696057125116,98.17538210279798,109.65949678545917,105.9402332361516,102.52719786522417,104.60037524810126,322.169,104.02682613384653,0.5735491142547318
2025-07-15,3.285,254.879,13.816,436.05,594.384,101.98696057125116,98.17538210279798,109.65949678545917,105.9402332361516,102.52719786522417,104.60037524810126,322.169,104.02682613384653,0.5735491142547318
2025-07-16,3.285,254.879,13.816,436.05,594.384,101.98696057125116,98.17538210279798,109.65949678545917,105.9402332361516,102.52719786522417,104.60037524810126,322.169,104.02682613384653,0.5735491142547318
2025-07-17,3.285,254.879,13.816,436.05,594.384,101.98696057125116,98.17538210279798,109.65949678545917,105.9402332361516,102.52719786522417,104.60037524810126,322.169,104.02682613384653,0.5735491142547318
2025-07-18,3.285,254.879,13.816,436.05,594.384,101.98696057125116,98.17538210279798,109.65949678545917,105.9402332361516,102.52719786522417,104.60037524810126,322.169,104.02682613384653,0.5735491142547318
2025-07-19,3.285,254.879,13.816,436.05,594.384,101.98696057125116,98.17538210279798,109.65949678545917,105.9402332361516,102.52719786522417,104.60037524810126,322.169,104.02682613384653,0.5735491142547318
2025-07-20,3.285,254.879,13.816,436.05,594.384,101.98696057125116,98.17538210279798,109.65949678545917,105.9402332361516,102.52719786522417,104.60037524810126,322.169,104.02682613384653,0.5735491142547318
2025-07-21,3.285,254.879,13.816,436.05,594.384,101.98696057125116,98.17538210279798,109.65949678545917,105.9402332361516,102.52719786522417,104.60037524810126,322.169,104.02682613384653,0.5735491142547318
2025-07-22,3.285,254.879,13.816,436.05,594.384,101.98696057125116,98.17538210279798,109.65949678545917,105.9402332361516,102.52719786522417,104.60037524810126,322.169,104.02682613384653,0.5735491142547318
2025-07-23,3.285,254.879,13.816,436.05,594.384,101.98696057125116,98.17538210279798,109.65949678545917,105.9402332361516,102.52719786522417,104.60037524810126,322.169,104.02682613384653,0.5735491142547318
2025-07-24,3.285,254.879,13.816,436.05,594.384,101.98696057125116,98.17538210279798,109.65949678545917,105.9402332361516,102.52719786522417,104.60037524810126,322.169,104.02682613384653,0.5735491142547318
2025-07-25,3.285,254.879,13.816,436.05,594.384,101.98696057125116,98.17538210279798,109.65949678545917,105.9402332361516,102.52719786522417,104.60037524810126,322.169,104.02682613384653,0.5735491142547318
2025-07-26,3.285,254.879,13.816,436.05,594.384,101.98696057125116,98.17538210279798,109.65949678545917,105.9402332361516,102.52719786522417,104.60037524810126,322.169,104.02682613384653,0.5735491142547318
2025-07-27,3.285,254.879,13.816,436.05,594.384,101.98696057125116,98.17538210279798,109.65949678545917,105.9402332361516,102.52719786522417,104.60037524810126,322.169,104.02682613384653,0.5735491142547318
2025-07-28,3.285,254.879,13.816,436.05,594.384,101.98696057125116,98.17538210279798,109.65949678545917,105.9402332361516,102.52719786522417,104.60037524810126,322.169,104.02682613384653,0.5735491142547318
2025-07-29,3.285,254.879,13.816,436.05,594.384,101.98696057125116,98.17538210279798,109.65949678545917,105.9402332361516,102.52719786522417,104.60037524810126,322.169,104.02682613384653,0.5735491142547318
2025-07-30,3.285,254.879,13.816,436.05,594.384,101.98696057125116,98.17538210279798,109.65949678545917,105.9402332361516,102.52719786522417,104.60037524810126,322.169,104.02682613384653,0.5735491142547318
2025-07-31,3.285,254.879,13.816,436.05,594.384,101.98696057125116,98.17538210279798,109.65949678545917,105.9402332361516,102.52719786522417,104.60037524810126,322.169,104.02682613384653,0.5735491142547318
2025-08-01,3.295,262.292,13.811,437.294,593.23,102.29742316050915,101.0307531122889,109.61981109611874,106.24246841593778,102.3281407130524,105.12614084668859,323.291,104.38911455676177,0.737026289926817
2025-08-02,3.295,262.292,13.811,437.294,593.23,102.29742316050915,101.0307531122889,109.61981109611874,106.24246841593778,102.3281407130524,105.12614084668859,323.291,104.38911455676177,0.737026289926817
2025-08-03,3.295,262.292,13.811,437.294,593.23,102.29742316050915,101.0307531122889,109.61981109611874,106.24246841593778,102.3281407130524,105.12614084668859,323.291,104.38911455676177,0.737026289926817
2025-08-04,3.295,262.292,13.811,437.294,593.23,102.29742316050915,101.0307531122889,109.61981109611874,106.24246841593778,102.3281407130524,105.12614084668859,323.291,104.38911455676177,0.737026289926817
2025-08-05,3.295,262.292,13.811,437.294,593.23,102.29742316050915,101.0307531122889,109.61981109611874,106.24246841593778,102.3281407130524,105.12614084668859,323.291,104.38911455676177,0.737026289926817
2025-08-06,3.295,262.292,13.811,437.294,593.23,102.29742316050915,101.0307531122889,109.61981109611874,106.24246841593778,102.3281407130524,105.12614084668859,323.291,104.38911455676177,0.737026289926817
2025-08-07,3.295,262.292,13.811,437.294,593.23,102.29742316050915,101.0307531122889,109.61981109611874,106.24246841593778,102.3281407130524,105.12614084668859,323.291,104.38911455676177,0.737026289926817
2025-08-08,3.295,262.292,13.811,437.294,593.23,102.29742316050915,101.0307531122889,109.61981109611874,106.24246841593778,102.3281407130524,105.12614084668859,323.291,104.38911455676177,0.737026289926817
2025-08-09,3.295,262.292,13.811,437.294,593.23,102.29742316050915,101.0307531122889,109.61981109611874,106.24246841593778,102.3281407130524,105.12614084668859,323.291,104.38911455676177,0.737026289926817
2025-08-10,3.295,262.292,13.811,437.294,593.23,102.29742316050915,101.0307531122889,109.61981109611874,106.24246841593778,102.3281407130524,105.12614084668859,323.291,104.38911455676177,0.737026289926817
2025-08-11,3.295,262.292,13.811,437.294,593.23,102.29742316050915,101.0307531122889,109.61981109611874,106.24246841593778,102.3281407130524,105.12614084668859,323.291,104.38911455676177,0.737026289926817
2025-08-12,3.295,262.292,13.811,437.294,593.23,102.29742316050915,101.0307531122889,109.61981109611874,106.24246841593778,102.3281407130524,105.12614084668859,323.291,104.38911455676177,0.737026289926817
2025-08-13,3.295,262.292,13.811,437.294,593.23,102.29742316050915,101.0307531122889,109.61981109611874,106.24246841593778,102.3281407130524,105.12614084668859,323.291,104.38911455676177,0.737026289926817
2025-08-14,3.295,262.292,13.811,437.294,593.23,102.29742316050915,101.0307531122889,109.61981109611874,106.24246841593778,102.3281407130524,105.12614084668859,323.291,104.38911455676177,0.737026289926817
2025-08-15,3.295,262.292,13.811,437.294,593.23,102.29742316050915,101.0307531122889,109.61981109611874,106.24246841593778,102.3281407130524,105.12614084668859,323.291,104.38911455676177,0.737026289926817
2025-08-16,3.295,262.292,13.811,437.294,593.23,102.29742316050915,101.0307531122889,109.61981109611874,106.24246841593778,102.3281407130524,105.12614084668859,323.291,104.38911455676177,0.737026289926817
2025-08-17,3.295,262.292,13.811,437.294,593.23,102.29742316050915,101.0307531122889,109.61981109611874,106.24246841593778,102.3281407130524,105.12614084668859,323.291,104.38911455676177,0.737026289926817
2025-08-18,3.295,262.292,13.811,437.294,593.23,102.29742316050915,101.0307531122889,109.61981109611874,106.24246841593778,102.3281407130524,105.12614084668859,323.291,104.38911455676177,0.737026289926817
2025-08-19,3.295,262.292,13.811,437.294,593.23,102.29742316050915,101.0307531122889,109.61981109611874,106.24246841593778,102.3281407130524,105.12614084668859,323.291,104.38911455676177,0.737026289926817
2025-08-20,3.295,262.292,13.811,437.294,593.23,102.29742316050915,101.0307531122889,109.61981109611874,106.24246841593778,102.3281407130524,105.12614084668859,323.291,104.38911455676177,0.737026289926817
2025-08-21,3.295,262.292,13.811,437.294,593.23,102.29742316050915,101.0307531122889,109.61981109611874,106.24246841593778,102.3281407130524,105.12614084668859,323.291,104.38911455676177,0.737026289926817
2025-08-22,3.295,262.292,13.811,437.294,593.23,102.29742316050915,101.0307531122889,109.61981109611874,106.24246841593778,102.3281407130524,105.12614084668859,323.291,104.38911455676177,0.737026289926817
2025-08-23,3.295,262.292,13.811,437.294,593.23,102.29742316050915,101.0307531122889,109.61981109611874,106.24246841593778,102.3281407130524,105.12614084668859,323.291,104.38911455676177,0.737026289926817
2025-08-24,3.295,262.292,13.811,437.294,593.23,102.29742316050915,101.0307531122889,109.61981109611874,106.24246841593778,102.3281407130524,105.12614084668859,323.291,104.38911455676177,0.737026289926817
2025-08-25,3.295,262.292,13.811,437.294,593.23,102.29742316050915,101.0307531122889,109.61981109611874,106.24246841593778,102.3281407130524,105.12614084668859,323.291,104.38911455676177,0.737026289926817
2025-08-26,3.295,262.292,13.811,437.294,593.23,102.29742316050915,101.0307531122889,109.61981109611874,106.24246841593778,102.3281407130524,105.12614084668859,323.291,104.38911455676177,0.737026289926817
2025-08-27,3.295,262.292,13.811,437.294,593.23,102.29742316050915,101.0307531122889,109.61981109611874,106.24246841593778,102.3281407130524,105.12614084668859,323.291,104.38911455676177,0.737026289926817
2025-08-28,3.295,262.292,13.811,437.294,593.23,102.29742316050915,101.0307531122889,109.61981109611874,106.24246841593778,102.3281407130524,105.12614084668859,323.291,104.38911455676177,0.737026289926817
2025-08-29,3.295,262.292,13.811,437.294,593.23,102.29742316050915,101.0307531122889,109.61981109611874,106.24246841593778,102.3281407130524,105.12614084668859,323.291,104.38911455676177,0.737026289926817
2025-08-30,3.295,262.292,13.811,437.294,593.23,102.29742316050915,101.0307531122889,109.61981109611874,106.24246841593778,102.3281407130524,105.12614084668859,323.291,104.38911455676177,0.737026289926817
2025-08-31,3.295,262.292,13.811,437.294,593.23,102.29742316050915,101.0307531122889,109.61981109611874,106.24246841593778,102.3281407130524,105.12614084668859,323.291,104.38911455676177,0.737026289926817
2025-09-01,3.339,265.009,13.656,438.237,594.93,103.66345855324433,102.07729877973624,108.38955472656559,106.47157434402332,102.62137915212692,105.29318145761451,324.245,104.69715658480199,0.5960248728125208
2025-09-02,3.339,265.009,13.656,438.237,594.93,103.66345855324433,102.07729877973624,108.38955472656559,106.47157434402332,102.62137915212692,105.29318145761451,324.245,104.69715658480199,0.5960248728125208
2025-09-03,3.339,265.009,13.656,438.237,594.93,103.66345855324433,102.07729877973624,108.38955472656559,106.47157434402332,102.62137915212692,105.29318145761451,324.245,104.69715658480199,0.5960248728125208
2025-09-04,3.339,265.009,13.656,438.237,594.93,103.66345855324433,102.07729877973624,108.38955472656559,106.47157434402332,102.62137915212692,105.29318145761451,324.245,104.69715658480199,0.5960248728125208
2025-09-05,3.339,265.009,13.656,438.237,594.93,103.66345855324433,102.07729877973624,108.38955472656559,106.47157434402332,102.62137915212692,105.29318145761451,324.245,104.69715658480199,0.5960248728125208
2025-09-06,3.339,265.009,13.656,438.237,594.93,103.66345855324433,102.07729877973624,108.38955472656559,106.47157434402332,102.62137915212692,105.29318145761451,324.245,104.69715658480199,0.5960248728125208
2025-09-07,3.339,265.009,13.656,438.237,594.93,103.66345855324433,102.07729877973624,108.38955472656559,106.47157434402332,102.62137915212692,105.29318145761451,324.245,104.69715658480199,0.5960248728125208
2025-09-08,3.339,265.009,13.656,438.237,594.93,103.66345855324433,102.07729877973624,108.38955472656559,106.47157434402332,102.62137915212692,105.29318145761451,324.245,104.69715658480199,0.5960248728125208
2025-09-09,3.339,265.009,13.656,438.237,594.93,103.66345855324433,102.07729877973624,108.38955472656559,106.47157434402332,102.62137915212692,105.29318145761451,324.245,104.69715658480199,0.5960248728125208
2025-09-10,3.339,265.009,13.656,438.237,594.93,103.66345855324433,102.07729877973624,108.38955472656559,106.47157434402332,102.62137915212692,105.29318145761451,324.245,104.69715658480199,0.5960248728125208
2025-09-11,3.339,265.009,13.656,438.237,594.93,103.66345855324433,102.07729877973624,108.38955472656559,106.47157434402332,102.62137915212692,105.29318145761451,324.245,104.69715658480199,0.5960248728125208
2025-09-12,3.339,265.009,13.656,438.237,594.93,103.66345855324433,102.07729877973624,108.38955472656559,106.47157434402332,102.62137915212692,105.29318145761451,324.245,104.69715658480199,0.5960248728125208
2025-09-13,3.339,265.009,13.656,438.237,594.93,103.66345855324433,102.07729877973624,108.38955472656559,106.47157434402332,102.62137915212692,105.29318145761451,324.245,104.69715658480199,0.5960248728125208
2025-09-14,3.339,265.009,13.656,438.237,594.93,103.66345855324433,102.07729877973624,108.38955472656559,106.47157434402332,102.62137915212692,105.29318145761451,324.245,104.69715658480199,0.5960248728125208
2025-09-15,3.339,265.009,13.656,438.237,594.93,103.66345855324433,102.07729877973624,108.38955472656559,106.47157434402332,102.62137915212692,105.29318145761451,324.245,104.69715658480199,0.5960248728125208
2025-09-16,3.339,265.009,13.656,438.237,594.93,103.66345855324433,102.07729877973624,108.38955472656559,106.47157434402332,102.62137915212692,105.29318145761451,324.245,104.69715658480199,0.5960248728125208
2025-09-17,3.339,265.009,13.656,438.237,594.93,103.66345855324433,102.07729877973624,108.38955472656559,106.47157434402332,102.62137915212692,105.29318145761451,324.245,104.69715658480199,0.5960248728125208
2025-09-18,3.339,265.009,13.656,438.237,594.93,103.66345855324433,102.07729877973624,108.38955472656559,106.47157434402332,102.62137915212692,105.29318145761451,324.245,104.69715658480199,0.5960248728125208
2025-09-19,3.339,265.009,13.656,438.237,594.93,103.66345855324433,102.07729877973624,108.38955472656559,106.47157434402332,102.62137915212692,105.29318145761451,324.245,104.69715658480199,0.5960248728125208
2025-09-20,3.339,265.009,13.656,438.237,594.93,103.66345855324433,102.07729877973624,108.38955472656559,106.47157434402332,102.62137915212692,105.29318145761451,324.245,104.69715658480199,0.5960248728125208
2025-09-21,3.339,265.009,13.656,438.237,594.93,103.66345855324433,102.07729877973624,108.38955472656559,106.47157434402332,102.62137915212692,105.29318145761451,324.245,104.69715658480199,0.5960248728125208
2025-09-22,3.339,265.009,13.656,438.237,594.93,103.66345855324433,102.07729877973624,108.38955472656559,106.47157434402332,102.62137915212692,105.29318145761451,324.245,104.69715658480199,0.5960248728125208
2025-09-23,3.339,265.009,13.656,438.237,594.93,103.66345855324433,102.07729877973624,108.38955472656559,106.47157434402332,102.62137915212692,105.29318145761451,324.245,104.69715658480199,0.5960248728125208
2025-09-24,3.339,265.009,13.656,438.237,594.93,103.66345855324433,102.07729877973624,108.38955472656559,106.47157434402332,102.62137915212692,105.29318145761451,324.245,104.69715658480199,0.5960248728125208
2025-09-25,3.339,265.009,13.656,438.237,594.93,103.66345855324433,102.07729877973624,108.38955472656559,106.47157434402332,102.62137915212692,105.29318145761451,324.245,104.69715658480199,0.5960248728125208
2025-09-26,3.339,265.009,13.656,438.237,594.93,103.66345855324433,102.07729877973624,108.38955472656559,106.47157434402332,102.62137915212692,105.29318145761451,324.245,104.69715658480199,0.5960248728125208
2025-09-27,3.339,265.009,13.656,438.237,594.93,103.66345855324433,102.07729877973624,108.38955472656559,106.47157434402332,102.62137915212692,105.29318145761451,324.245,104.69715658480199,0.5960248728125208
2025-09-28,3.339,265.009,13.656,438.237,594.93,103.66345855324433,102.07729877973624,108.38955472656559,106.47157434402332,102.62137915212692,105.29318145761451,324.245,104.69715658480199,0.5960248728125208
2025-09-29,3.339,265.009,13.656,438.237,594.93,103.66345855324433,102.07729877973624,108.38955472656559,106.47157434402332,102.62137915212692,105.29318145761451,324.245,104.69715658480199,0.5960248728125208
2025-09-30,3.339,265.009,13.656,438.237,594.93,103.66345855324433,102.07729877973624,108.38955472656559,106.47157434402332,102.62137915212692,105.29318145761451,324.245,104.69715658480199,0.5960248728125208
2025-10-01,3.239,265.009,13.656,438.237,594.93,100.5588326606644,102.07729877973624,108.38955472656559,106.47157434402332,102.62137915212692,104.82748757372752,324.245,104.69715658480199,0.13033098892553596
2025-10-02,3.239,265.009,13.656,438.237,594.93,100.5588326606644,102.07729877973624,108.38955472656559,106.47157434402332,102.62137915212692,104.82748757372752,324.245,104.69715658480199,0.13033098892553596
2025-10-03,3.239,265.009,13.656,438.237,594.93,100.5588326606644,102.07729877973624,108.38955472656559,106.47157434402332,102.62137915212692,104.82748757372752,324.245,104.69715658480199,0.13033098892553596
2025-10-04,3.239,265.009,13.656,438.237,594.93,100.5588326606644,102.07729877973624,108.38955472656559,106.47157434402332,102.62137915212692,104.82748757372752,324.245,104.69715658480199,0.13033098892553596
2025-10-05,3.239,265.009,13.656,438.237,594.93,100.5588326606644,102.07729877973624,108.38955472656559,106.47157434402332,102.62137915212692,104.82748757372752,324.245,104.69715658480199,0.13033098892553596
2025-10-06,3.239,265.009,13.656,438.237,594.93,100.5588326606644,102.07729877973624,108.38955472656559,106.47157434402332,102.62137915212692,104.82748757372752,324.245,104.69715658480199,0.13033098892553596
2025-10-07,3.239,265.009,13.656,438.237,594.93,100.5588326606644,102.07729877973624,108.38955472656559,106.47157434402332,102.62137915212692,104.82748757372752,324.245,104.69715658480199,0.13033098892553596
2025-10-08,3.239,265.009,13.656,438.237,594.93,100.5588326606644,102.07729877973624,108.38955472656559,106.47157434402332,102.62137915212692,104.82748757372752,324.245,104.69715658480199,0.13033098892553596
2025-10-09,3.239,265.009,13.656,438.237,594.93,100.5588326606644,102.07729877973624,108.38955472656559,106.47157434402332,102.62137915212692,104.82748757372752,324.245,104.69715658480199,0.13033098892553596
2025-10-10,3.239,265.009,13.656,438.237,594.93,100.5588326606644,102.07729877973624,108.38955472656559,106.47157434402332,102.62137915212692,104.82748757372752,324.245,104.69715658480199,0.13033098892553596
2025-10-11,3.239,265.009,13.656,438.237,594.93,100.5588326606644,102.07729877973624,108.38955472656559,106.47157434402332,102.62137915212692,104.82748757372752,324.245,104.69715658480199,0.13033098892553596
2025-10-12,3.239,265.009,13.656,438.237,594.93,100.5588326606644,102.07729877973624,108.38955472656559,106.47157434402332,102.62137915212692,104.82748757372752,324.245,104.69715658480199,0.13033098892553596
2025-10-13,3.239,265.009,13.656,438.237,594.93,100.5588326606644,102.07729877973624,108.38955472656559,106.47157434402332,102.62137915212692,104.82748757372752,324.245,104.69715658480199,0.13033098892553596
2025-10-14,3.239,265.009,13.656,438.237,594.93,100.5588326606644,102.07729877973624,108.38955472656559,106.47157434402332,102.62137915212692,104.82748757372752,324.245,104.69715658480199,0.13033098892553596
2025-10-15,3.239,265.009,13.656,438.237,594.93,100.5588326606644,102.07729877973624,108.38955472656559,106.47157434402332,102.62137915212692,104.82748757372752,324.245,104.69715658480199,0.13033098892553596
2025-10-16,3.239,265.009,13.656,438.237,594.93,100.5588326606644,102.07729877973624,108.38955472656559,106.47157434402332,102.62137915212692,104.82748757372752,324.245,104.69715658480199,0.13033098892553596
2025-10-17,3.239,265.009,13.656,438.237,594.93,100.5588326606644,102.07729877973624,108.38955472656559,106.47157434402332,102.62137915212692,104.82748757372752,324.245,104.69715658480199,0.13033098892553596
2025-10-18,3.239,265.009,13.656,438.237,594.93,100.5588326606644,102.07729877973624,108.38955472656559,106.47157434402332,102.62137915212692,104.82748757372752,324.245,104.69715658480199,0.13033098892553596
2025-10-19,3.239,265.009,13.656,438.237,594.93,100.5588326606644,102.07729877973624,108.38955472656559,106.47157434402332,102.62137915212692,104.82748757372752,324.245,104.69715658480199,0.13033098892553596
2025-10-20,3.239,265.009,13.656,438.237,594.93,100.5588326606644,102.07729877973624,108.38955472656559,106.47157434402332,102.62137915212692,104.82748757372752,324.245,104.69715658480199,0.13033098892553596
2025-10-21,3.239,265.009,13.656,438.237,594.93,100.5588326606644,102.07729877973624,108.38955472656559,106.47157434402332,102.62137915212692,104.82748757372752,324.245,104.69715658480199,0.13033098892553596
2025-10-22,3.239,265.009,13.656,438.237,594.93,100.5588326606644,102.07729877973624,108.38955472656559,106.47157434402332,102.62137915212692,104.82748757372752,324.245,104.69715658480199,0.13033098892553596
2025-10-23,3.239,265.009,13.656,438.237,594.93,100.5588326606644,102.07729877973624,108.38955472656559,106.47157434402332,102.62137915212692,104.82748757372752,324.245,104.69715658480199,0.13033098892553596
2025-10-24,3.239,265.009,13.656,438.237,594.93,100.5588326606644,102.07729877973624,108.38955472656559,106.47157434402332,102.62137915212692,104.82748757372752,324.245,104.69715658480199,0.13033098892553596
2025-10-25,3.239,265.009,13.656,438.237,594.93,100.5588326606644,102.07729877973624,108.38955472656559,106.47157434402332,102.62137915212692,104.82748757372752,324.245,104.69715658480199,0.13033098892553596
2025-10-26,3.239,265.009,13.656,438.237,594.93,100.5588326606644,102.07729877973624,108.38955472656559,106.47157434402332,102.62137915212692,104.82748757372752,324.245,104.69715658480199,0.13033098892553596
2025-10-27,3.239,265.009,13.656,438.237,594.93,100.5588326606644,102.07729877973624,108.38955472656559,106.47157434402332,102.62137915212692,104.82748757372752,324.245,104.69715658480199,0.13033098892553596
2025-10-28,3.239,265.009,13.656,438.237,594.93,100.5588326606644,102.07729877973624,108.38955472656559,106.47157434402332,102.62137915212692,104.82748757372752,324.245,104.69715658480199,0.13033098892553596
2025-10-29,3.239,265.009,13.656,438.237,594.93,100.5588326606644,102.07729877973624,108.38955472656559,106.47157434402332,102.62137915212692,104.82748757372752,324.245,104.69715658480199,0.13033098892553596
2025-10-30,3.239,265.009,13.656,438.237,594.93,100.5588326606644,102.07729877973624,108.38955472656559,106.47157434402332,102.62137915212692,104.82748757372752,324.245,104.69715658480199,0.13033098892553596
2025-10-31,3.239,265.009,13.656,438.237,594.93,100.5588326606644,102.07729877973624,108.38955472656559,106.47157434402332,102.62137915212692,104.82748757372752,324.245,104.69715658480199,0.13033098892553596
2025-11-01,3.228,257.396,12.797,439.002,600.849,100.2173238124806,99.14489091581413,101.5715532978808,106.65743440233236,103.6423663997047,102.84080581436983,325.063,104.96128486461005,-2.1204790502402204
2025-11-02,3.228,257.396,12.797,439.002,600.849,100.2173238124806,99.14489091581413,101.5715532978808,106.65743440233236,103.6423663997047,102.84080581436983,325.063,104.96128486461005,-2.1204790502402204
2025-11-03,3.228,257.396,12.797,439.002,600.849,100.2173238124806,99.14489091581413,101.5715532978808,106.65743440233236,103.6423663997047,102.84080581436983,325.063,104.96128486461005,-2.1204790502402204
2025-11-04,3.228,257.396,12.797,439.002,600.849,100.2173238124806,99.14489091581413,101.5715532978808,106.65743440233236,103.6423663997047,102.84080581436983,325.063,104.96128486461005,-2.1204790502402204
2025-11-05,3.228,257.396,12.797,439.002,600.849,100.2173238124806,99.14489091581413,101.5715532978808,106.65743440233236,103.6423663997047,102.84080581436983,325.063,104.96128486461005,-2.1204790502402204
2025-11-06,3.228,257.396,12.797,439.002,600.849,100.2173238124806,99.14489091581413,101.5715532978808,106.65743440233236,103.6423663997047,102.84080581436983,325.063,104.96128486461005,-2.1204790502402204
2025-11-07,3.228,257.396,12.797,439.002,600.849,100.2173238124806,99.14489091581413,101.5715532978808,106.65743440233236,103.6423663997047,102.84080581436983,325.063,104.96128486461005,-2.1204790502402204
2025-11-08,3.228,257.396,12.797,439.002,600.849,100.2173238124806,99.14489091581413,101.5715532978808,106.65743440233236,103.6423663997047,102.84080581436983,325.063,104.96128486461005,-2.1204790502402204
2025-11-09,3.228,257.396,12.797,439.002,600.849,100.2173238124806,99.14489091581413,101.5715532978808,106.65743440233236,103.6423663997047,102.84080581436983,325.063,104.96128486461005,-2.1204790502402204
2025-11-10,3.228,257.396,12.797,439.002,600.849,100.2173238124806,99.14489091581413,101.5715532978808,106.65743440233236,103.6423663997047,102.84080581436983,325.063,104.96128486461005,-2.1204790502402204
2025-11-11,3.228,257.396,12.797,439.002,600.849,100.2173238124806,99.14489091581413,101.5715532978808,106.65743440233236,103.6423663997047,102.84080581436983,325.063,104.96128486461005,-2.1204790502402204
2025-11-12,3.228,257.396,12.797,439.002,600.849,100.2173238124806,99.14489091581413,101.5715532978808,106.65743440233236,103.6423663997047,102.84080581436983,325.063,104.96128486461005,-2.1204790502402204
2025-11-13,3.228,257.396,12.797,439.002,600.849,100.2173238124806,99.14489091581413,101.5715532978808,106.65743440233236,103.6423663997047,102.84080581436983,325.063,104.96128486461005,-2.1204790502402204
2025-11-14,3.228,257.396,12.797,439.002,600.849,100.2173238124806,99.14489091581413,101.5715532978808,106.65743440233236,103.6423663997047,102.84080581436983,325.063,104.96128486461005,-2.1204790502402204
2025-11-15,3.228,257.396,12.797,439.002,600.849,100.2173238124806,99.14489091581413,101.5715532978808,106.65743440233236,103.6423663997047,102.84080581436983,325.063,104.96128486461005,-2.1204790502402204
2025-11-16,3.228,257.396,12.797,439.002,600.849,100.2173238124806,99.14489091581413,101.5715532978808,106.65743440233236,103.6423663997047,102.84080581436983,325.063,104.96128486461005,-2.1204790502402204
2025-11-17,3.228,257.396,12.797,439.002,600.849,100.2173238124806,99.14489091581413,101.5715532978808,106.65743440233236,103.6423663997047,102.84080581436983,325.063,104.96128486461005,-2.1204790502402204
2025-11-18,3.228,257.396,12.797,439.002,600.849,100.2173238124806,99.14489091581413,101.5715532978808,106.65743440233236,103.6423663997047,102.84080581436983,325.063,104.96128486461005,-2.1204790502402204
2025-11-19,3.228,257.396,12.797,439.002,600.849,100.2173238124806,99.14489091581413,101.5715532978808,106.65743440233236,103.6423663997047,102.84080581436983,325.063,104.96128486461005,-2.1204790502402204
2025-11-20,3.228,257.396,12.797,439.002,600.849,100.2173238124806,99.14489091581413,101.5715532978808,106.65743440233236,103.6423663997047,102.84080581436983,325.063,104.96128486461005,-2.1204790502402204
2025-11-21,3.228,257.396,12.797,439.002,600.849,100.2173238124806,99.14489091581413,101.5715532978808,106.65743440233236,103.6423663997047,102.84080581436983,325.063,104.96128486461005,-2.1204790502402204
2025-11-22,3.228,257.396,12.797,439.002,600.849,100.2173238124806,99.14489091581413,101.5715532978808,106.65743440233236,103.6423663997047,102.84080581436983,325.063,104.96128486461005,-2.1204790502402204
2025-11-23,3.228,257.396,12.797,439.002,600.849,100.2173238124806,99.14489091581413,101.5715532978808,106.65743440233236,103.6423663997047,102.84080581436983,325.063,104.96128486461005,-2.1204790502402204
2025-11-24,3.228,257.396,12.797,439.002,600.849,100.2173238124806,99.14489091581413,101.5715532978808,106.65743440233236,103.6423663997047,102.84080581436983,325.063,104.96128486461005,-2.1204790502402204
2025-11-25,3.228,257.396,12.797,439.002,600.849,100.2173238124806,99.14489091581413,101.5715532978808,106.65743440233236,103.6423663997047,102.84080581436983,325.063,104.96128486461005,-2.1204790502402204
2025-11-26,3.228,257.396,12.797,439.002,600.849,100.2173238124806,99.14489091581413,101.5715532978808,106.65743440233236,103.6423663997047,102.84080581436983,325.063,104.96128486461005,-2.1204790502402204
2025-11-27,3.228,257.396,12.797,439.002,600.849,100.2173238124806,99.14489091581413,101.5715532978808,106.65743440233236,103.6423663997047,102.84080581436983,325.063,104.96128486461005,-2.1204790502402204
2025-11-28,3.228,257.396,12.797,439.002,600.849,100.2173238124806,99.14489091581413,101.5715532978808,106.65743440233236,103.6423663997047,102.84080581436983,325.063,104.96128486461005,-2.1204790502402204
2025-11-29,3.228,257.396,12.797,439.002,600.849,100.2173238124806,99.14489091581413,101.5715532978808,106.65743440233236,103.6423663997047,102.84080581436983,325.063,104.96128486461005,-2.1204790502402204
2025-11-30,3.228,257.396,12.797,439.002,600.849,100.2173238124806,99.14489091581413,101.5715532978808,106.65743440233236,103.6423663997047,102.84080581436983,325.063,104.96128486461005,-2.1204790502402204
2025-12-01,3.05,265.513,12.745,440.189,607.296,94.69108972368828,102.27143165290275,101.15882212874037,106.9458211856171,104.75443005659504,102.63099460284812,326.031,105.27384742555653,-2.642852822708406
2025-12-02,3.05,265.513,12.745,440.189,607.296,94.69108972368828,102.27143165290275,101.15882212874037,106.9458211856171,104.75443005659504,102.63099460284812,326.031,105.27384742555653,-2.642852822708406
2025-12-03,3.05,265.513,12.745,440.189,607.296,94.69108972368828,102.27143165290275,101.15882212874037,106.9458211856171,104.75443005659504,102.63099460284812,326.031,105.27384742555653,-2.642852822708406
2025-12-04,3.05,265.513,12.745,440.189,607.296,94.69108972368828,102.27143165290275,101.15882212874037,106.9458211856171,104.75443005659504,102.63099460284812,326.031,105.27384742555653,-2.642852822708406
2025-12-05,3.05,265.513,12.745,440.189,607.296,94.69108972368828,102.27143165290275,101.15882212874037,106.9458211856171,104.75443005659504,102.63099460284812,326.031,105.27384742555653,-2.642852822708406
2025-12-06,3.05,265.513,12.745,440.189,607.296,94.69108972368828,102.27143165290275,101.15882212874037,106.9458211856171,104.75443005659504,102.63099460284812,326.031,105.27384742555653,-2.642852822708406
2025-12-07,3.05,265.513,12.745,440.189,607.296,94.69108972368828,102.27143165290275,101.15882212874037,106.9458211856171,104.75443005659504,102.63099460284812,326.031,105.27384742555653,-2.642852822708406
2025-12-08,3.05,265.513,12.745,440.189,607.296,94.69108972368828,102.27143165290275,101.15882212874037,106.9458211856171,104.75443005659504,102.63099460284812,326.031,105.27384742555653,-2.642852822708406
2025-12-09,3.05,265.513,12.745,440.189,607.296,94.69108972368828,102.27143165290275,101.15882212874037,106.9458211856171,104.75443005659504,102.63099460284812,326.031,105.27384742555653,-2.642852822708406
2025-12-10,3.05,265.513,12.745,440.189,607.296,94.69108972368828,102.27143165290275,101.15882212874037,106.9458211856171,104.75443005659504,102.63099460284812,326.031,105.27384742555653,-2.642852822708406
2025-12-11,3.05,265.513,12.745,440.189,607.296,94.69108972368828,102.27143165290275,101.15882212874037,106.9458211856171,104.75443005659504,102.63099460284812,326.031,105.27384742555653,-2.642852822708406
2025-12-12,3.05,265.513,12.745,440.189,607.296,94.69108972368828,102.27143165290275,101.15882212874037,106.9458211856171,104.75443005659504,102.63099460284812,326.031,105.27384742555653,-2.642852822708406
2025-12-13,3.05,265.513,12.745,440.189,607.296,94.69108972368828,102.27143165290275,101.15882212874037,106.9458211856171,104.75443005659504,102.63099460284812,326.031,105.27384742555653,-2.642852822708406
2025-12-14,3.05,265.513,12.745,440.189,607.296,94.69108972368828,102.27143165290275,101.15882212874037,106.9458211856171,104.75443005659504,102.63099460284812,326.031,105.27384742555653,-2.642852822708406
2025-12-15,3.05,265.513,12.745,440.189,607.296,94.69108972368828,102.27143165290275,101.15882212874037,106.9458211856171,104.75443005659504,102.63099460284812,326.031,105.27384742555653,-2.642852822708406
2025-12-16,3.05,265.513,12.745,440.189,607.296,94.69108972368828,102.27143165290275,101.15882212874037,106.9458211856171,104.75443005659504,102.63099460284812,326.031,105.27384742555653,-2.642852822708406
2025-12-17,3.05,265.513,12.745,440.189,607.296,94.69108972368828,102.27143165290275,101.15882212874037,106.9458211856171,104.75443005659504,102.63099460284812,326.031,105.27384742555653,-2.642852822708406
2025-12-18,3.05,265.513,12.745,440.189,607.296,94.69108972368828,102.27143165290275,101.15882212874037,106.9458211856171,104.75443005659504,102.63099460284812,326.031,105.27384742555653,-2.642852822708406
2025-12-19,3.05,265.513,12.745,440.189,607.296,94.69108972368828,102.27143165290275,101.15882212874037,106.9458211856171,104.75443005659504,102.63099460284812,326.031,105.27384742555653,-2.642852822708406
2025-12-20,3.05,265.513,12.745,440.189,607.296,94.69108972368828,102.27143165290275,101.15882212874037,106.9458211856171,104.75443005659504,102.63099460284812,326.031,105.27384742555653,-2.642852822708406
2025-12-21,3.05,265.513,12.745,440.189,607.296,94.69108972368828,102.27143165290275,101.15882212874037,106.9458211856171,104.75443005659504,102.63099460284812,326.031,105.27384742555653,-2.642852822708406
2025-12-22,3.05,265.513,12.745,440.189,607.296,94.69108972368828,102.27143165290275,101.15882212874037,106.9458211856171,104.75443005659504,102.63099460284812,326.031,105.27384742555653,-2.642852822708406
2025-12-23,3.05,265.513,12.745,440.189,607.296,94.69108972368828,102.27143165290275,101.15882212874037,106.9458211856171,104.75443005659504,102.63099460284812,326.031,105.27384742555653,-2.642852822708406
2025-12-24,3.05,265.513,12.745,440.189,607.296,94.69108972368828,102.27143165290275,101.15882212874037,106.9458211856171,104.75443005659504,102.63099460284812,326.031,105.27384742555653,-2.642852822708406
2025-12-25,3.05,265.513,12.745,440.189,607.296,94.69108972368828,102.27143165290275,101.15882212874037,106.9458211856171,104.75443005659504,102.63099460284812,326.031,105.27384742555653,-2.642852822708406
2025-12-26,3.05,265.513,12.745,440.189,607.296,94.69108972368828,102.27143165290275,101.15882212874037,106.9458211856171,104.75443005659504,102.63099460284812,326.031,105.27384742555653,-2.642852822708406
2025-12-27,3.05,265.513,12.745,440.189,607.296,94.69108972368828,102.27143165290275,101.15882212874037,106.9458211856171,104.75443005659504,102.63099460284812,326.031,105.27384742555653,-2.642852822708406
2025-12-28,3.05,265.513,12.745,440.189,607.296,94.69108972368828,102.27143165290275,101.15882212874037,106.9458211856171,104.75443005659504,102.63099460284812,326.031,105.27384742555653,-2.642852822708406
2025-12-29,3.05,265.513,12.745,440.189,607.296,94.69108972368828,102.27143165290275,101.15882212874037,106.9458211856171,104.75443005659504,102.63099460284812,326.031,105.27384742555653,-2.642852822708406
2025-12-30,3.05,265.513,12.745,440.189,607.296,94.69108972368828,102.27143165290275,101.15882212874037,106.9458211856171,104.75443005659504,102.63099460284812,326.031,105.27384742555653,-2.642852822708406
2025-12-31,3.05,265.513,12.745,440.189,607.296,94.69108972368828,102.27143165290275,101.15882212874037,106.9458211856171,104.75443005659504,102.63099460284812,326.031,105.27384742555653,-2.642852822708406
2026-01-01,2.961,276.173,12.685,441.285,609.864,91.92797267929214,106.37749599408357,100.6825938566553,107.21209912536442,105.19739259279703,102.85970739169906,326.588,105.45370005618378,-2.593992664484716
2026-01-02,2.961,276.173,12.685,441.285,609.864,91.92797267929214,106.37749599408357,100.6825938566553,107.21209912536442,105.19739259279703,102.85970739169906,326.588,105.45370005618378,-2.593992664484716
2026-01-03,2.961,276.173,12.685,441.285,609.864,91.92797267929214,106.37749599408357,100.6825938566553,107.21209912536442,105.19739259279703,102.85970739169906,326.588,105.45370005618378,-2.593992664484716
2026-01-04,2.961,276.173,12.685,441.285,609.864,91.92797267929214,106.37749599408357,100.6825938566553,107.21209912536442,105.19739259279703,102.85970739169906,326.588,105.45370005618378,-2.593992664484716
2026-01-05,2.961,276.173,12.685,441.285,609.864,91.92797267929214,106.37749599408357,100.6825938566553,107.21209912536442,105.19739259279703,102.85970739169906,326.588,105.45370005618378,-2.593992664484716
2026-01-06,2.961,276.173,12.685,441.285,609.864,91.92797267929214,106.37749599408357,100.6825938566553,107.21209912536442,105.19739259279703,102.85970739169906,326.588,105.45370005618378,-2.593992664484716
2026-01-07,2.961,276.173,12.685,441.285,609.864,91.92797267929214,106.37749599408357,100.6825938566553,107.21209912536442,105.19739259279703,102.85970739169906,326.588,105.45370005618378,-2.593992664484716
2026-01-08,2.961,276.173,12.685,441.285,609.864,91.92797267929214,106.37749599408357,100.6825938566553,107.21209912536442,105.19739259279703,102.85970739169906,326.588,105.45370005618378,-2.593992664484716
2026-01-09,2.961,276.173,12.685,441.285,609.864,91.92797267929214,106.37749599408357,100.6825938566553,107.21209912536442,105.19739259279703,102.85970739169906,326.588,105.45370005618378,-2.593992664484716
2026-01-10,2.961,276.173,12.685,441.285,609.864,91.92797267929214,106.37749599408357,100.6825938566553,107.21209912536442,105.19739259279703,102.85970739169906,326.588,105.45370005618378,-2.593992664484716
2026-01-11,2.961,276.173,12.685,441.285,609.864,91.92797267929214,106.37749599408357,100.6825938566553,107.21209912536442,105.19739259279703,102.85970739169906,326.588,105.45370005618378,-2.593992664484716
2026-01-12,2.961,276.173,12.685,441.285,609.864,91.92797267929214,106.37749599408357,100.6825938566553,107.21209912536442,105.19739259279703,102.85970739169906,326.588,105.45370005618378,-2.593992664484716
2026-01-13,2.961,276.173,12.685,441.285,609.864,91.92797267929214,106.37749599408357,100.6825938566553,107.21209912536442,105.19739259279703,102.85970739169906,326.588,105.45370005618378,-2.593992664484716
2026-01-14,2.961,276.173,12.685,441.285,609.864,91.92797267929214,106.37749599408357,100.6825938566553,107.21209912536442,105.19739259279703,102.85970739169906,326.588,105.45370005618378,-2.593992664484716
2026-01-15,2.961,276.173,12.685,441.285,609.864,91.92797267929214,106.37749599408357,100.6825938566553,107.21209912536442,105.19739259279703,102.85970739169906,326.588,105.45370005618378,-2.593992664484716
2026-01-16,2.961,276.173,12.685,441.285,609.864,91.92797267929214,106.37749599408357,100.6825938566553,107.21209912536442,105.19739259279703,102.85970739169906,326.588,105.45370005618378,-2.593992664484716
2026-01-17,2.961,276.173,12.685,441.285,609.864,91.92797267929214,106.37749599408357,100.6825938566553,107.21209912536442,105.19739259279703,102.85970739169906,326.588,105.45370005618378,-2.593992664484716
2026-01-18,2.961,276.173,12.685,441.285,609.864,91.92797267929214,106.37749599408357,100.6825938566553,107.21209912536442,105.19739259279703,102.85970739169906,326.588,105.45370005618378,-2.593992664484716
2026-01-19,2.961,276.173,12.685,441.285,609.864,91.92797267929214,106.37749599408357,100.6825938566553,107.21209912536442,105.19739259279703,102.85970739169906,326.588,105.45370005618378,-2.593992664484716
2026-01-20,2.961,276.173,12.685,441.285,609.864,91.92797267929214,106.37749599408357,100.6825938566553,107.21209912536442,105.19739259279703,102.85970739169906,326.588,105.45370005618378,-2.593992664484716
2026-01-21,2.961,276.173,12.685,441.285,609.864,91.92797267929214,106.37749599408357,100.6825938566553,107.21209912536442,105.19739259279703,102.85970739169906,326.588,105.45370005618378,-2.593992664484716
2026-01-22,2.961,276.173,12.685,441.285,609.864,91.92797267929214,106.37749599408357,100.6825938566553,107.21209912536442,105.19739259279703,102.85970739169906,326.588,105.45370005618378,-2.593992664484716
2026-01-23,2.961,276.173,12.685,441.285,609.864,91.92797267929214,106.37749599408357,100.6825938566553,107.21209912536442,105.19739259279703,102.85970739169906,326.588,105.45370005618378,-2.593992664484716
2026-01-24,2.961,276.173,12.685,441.285,609.864,91.92797267929214,106.37749599408357,100.6825938566553,107.21209912536442,105.19739259279703,102.85970739169906,326.588,105.45370005618378,-2.593992664484716
2026-01-25,2.961,276.173,12.685,441.285,609.864,91.92797267929214,106.37749599408357,100.6825938566553,107.21209912536442,105.19739259279703,102.85970739169906,326.588,105.45370005618378,-2.593992664484716
2026-01-26,2.961,276.173,12.685,441.285,609.864,91.92797267929214,106.37749599408357,100.6825938566553,107.21209912536442,105.19739259279703,102.85970739169906,326.588,105.45370005618378,-2.593992664484716
2026-01-27,2.961,276.173,12.685,441.285,609.864,91.92797267929214,106.37749599408357,100.6825938566553,107.21209912536442,105.19739259279703,102.85970739169906,326.588,105.45370005618378,-2.593992664484716
2026-01-28,2.961,276.173,12.685,441.285,609.864,91.92797267929214,106.37749599408357,100.6825938566553,107.21209912536442,105.19739259279703,102.85970739169906,326.588,105.45370005618378,-2.593992664484716
2026-01-29,2.961,276.173,12.685,441.285,609.864,91.92797267929214,106.37749599408357,100.6825938566553,107.21209912536442,105.19739259279703,102.85970739169906,326.588,105.45370005618378,-2.593992664484716
2026-01-30,2.961,276.173,12.685,441.285,609.864,91.92797267929214,106.37749599408357,100.6825938566553,107.21209912536442,105.19739259279703,102.85970739169906,326.588,105.45370005618378,-2.593992664484716
2026-01-31,2.961,276.173,12.685,441.285,609.864,91.92797267929214,106.37749599408357,100.6825938566553,107.21209912536442,105.19739259279703,102.85970739169906,326.588,105.45370005618378,-2.593992664484716
2026-02-01,3.065,278.662,12.518,441.865,597.063,95.15678360757528,107.33621964747935,99.35709183268514,107.35301263362487,102.98930714656575,102.8675233085018,327.46,105.73526467720167,-2.8677413686998676
2026-02-02,3.065,278.662,12.518,441.865,597.063,95.15678360757528,107.33621964747935,99.35709183268514,107.35301263362487,102.98930714656575,102.8675233085018,327.46,105.73526467720167,-2.8677413686998676
2026-02-03,3.065,278.662,12.518,441.865,597.063,95.15678360757528,107.33621964747935,99.35709183268514,107.35301263362487,102.98930714656575,102.8675233085018,327.46,105.73526467720167,-2.8677413686998676
2026-02-04,3.065,278.662,12.518,441.865,597.063,95.15678360757528,107.33621964747935,99.35709183268514,107.35301263362487,102.98930714656575,102.8675233085018,327.46,105.73526467720167,-2.8677413686998676
2026-02-05,3.065,278.662,12.518,441.865,597.063,95.15678360757528,107.33621964747935,99.35709183268514,107.35301263362487,102.98930714656575,102.8675233085018,327.46,105.73526467720167,-2.8677413686998676
2026-02-06,3.065,278.662,12.518,441.865,597.063,95.15678360757528,107.33621964747935,99.35709183268514,107.35301263362487,102.98930714656575,102.8675233085018,327.46,105.73526467720167,-2.8677413686998676
2026-02-07,3.065,278.662,12.518,441.865,597.063,95.15678360757528,107.33621964747935,99.35709183268514,107.35301263362487,102.98930714656575,102.8675233085018,327.46,105.73526467720167,-2.8677413686998676
2026-02-08,3.065,278.662,12.518,441.865,597.063,95.15678360757528,107.33621964747935,99.35709183268514,107.35301263362487,102.98930714656575,102.8675233085018,327.46,105.73526467720167,-2.8677413686998676
2026-02-09,3.065,278.662,12.518,441.865,597.063,95.15678360757528,107.33621964747935,99.35709183268514,107.35301263362487,102.98930714656575,102.8675233085018,327.46,105.73526467720167,-2.8677413686998676
2026-02-10,3.065,278.662,12.518,441.865,597.063,95.15678360757528,107.33621964747935,99.35709183268514,107.35301263362487,102.98930714656575,102.8675233085018,327.46,105.73526467720167,-2.8677413686998676
2026-02-11,3.065,278.662,12.518,441.865,597.063,95.15678360757528,107.33621964747935,99.35709183268514,107.35301263362487,102.98930714656575,102.8675233085018,327.46,105.73526467720167,-2.8677413686998676
2026-02-12,3.065,278.662,12.518,441.865,597.063,95.15678360757528,107.33621964747935,99.35709183268514,107.35301263362487,102.98930714656575,102.8675233085018,327.46,105.73526467720167,-2.8677413686998676
2026-02-13,3.065,278.662,12.518,441.865,597.063,95.15678360757528,107.33621964747935,99.35709183268514,107.35301263362487,102.98930714656575,102.8675233085018,327.46,105.73526467720167,-2.8677413686998676
2026-02-14,3.065,278.662,12.518,441.865,597.063,95.15678360757528,107.33621964747935,99.35709183268514,107.35301263362487,102.98930714656575,102.8675233085018,327.46,105.73526467720167,-2.8677413686998676
2026-02-15,3.065,278.662,12.518,441.865,597.063,95.15678360757528,107.33621964747935,99.35709183268514,107.35301263362487,102.98930714656575,102.8675233085018,327.46,105.73526467720167,-2.8677413686998676
2026-02-16,3.065,278.662,12.518,441.865,597.063,95.15678360757528,107.33621964747935,99.35709183268514,107.35301263362487,102.98930714656575,102.8675233085018,327.46,105.73526467720167,-2.8677413686998676
2026-02-17,3.065,278.662,12.518,441.865,597.063,95.15678360757528,107.33621964747935,99.35709183268514,107.35301263362487,102.98930714656575,102.8675233085018,327.46,105.73526467720167,-2.8677413686998676
2026-02-18,3.065,278.662,12.518,441.865,597.063,95.15678360757528,107.33621964747935,99.35709183268514,107.35301263362487,102.98930714656575,102.8675233085018,327.46,105.73526467720167,-2.8677413686998676
2026-02-19,3.065,278.662,12.518,441.865,597.063,95.15678360757528,107.33621964747935,99.35709183268514,107.35301263362487,102.98930714656575,102.8675233085018,327.46,105.73526467720167,-2.8677413686998676
2026-02-20,3.065,278.662,12.518,441.865,597.063,95.15678360757528,107.33621964747935,99.35709183268514,107.35301263362487,102.98930714656575,102.8675233085018,327.46,105.73526467720167,-2.8677413686998676
2026-02-21,3.065,278.662,12.518,441.865,597.063,95.15678360757528,107.33621964747935,99.35709183268514,107.35301263362487,102.98930714656575,102.8675233085018,327.46,105.73526467720167,-2.8677413686998676
2026-02-22,3.065,278.662,12.518,441.865,597.063,95.15678360757528,107.33621964747935,99.35709183268514,107.35301263362487,102.98930714656575,102.8675233085018,327.46,105.73526467720167,-2.8677413686998676
2026-02-23,3.065,278.662,12.518,441.865,597.063,95.15678360757528,107.33621964747935,99.35709183268514,107.35301263362487,102.98930714656575,102.8675233085018,327.46,105.73526467720167,-2.8677413686998676
2026-02-24,3.065,278.662,12.518,441.865,597.063,95.15678360757528,107.33621964747935,99.35709183268514,107.35301263362487,102.98930714656575,102.8675233085018,327.46,105.73526467720167,-2.8677413686998676
2026-02-25,3.065,278.662,12.518,441.865,597.063,95.15678360757528,107.33621964747935,99.35709183268514,107.35301263362487,102.98930714656575,102.8675233085018,327.46,105.73526467720167,-2.8677413686998676
2026-02-26,3.065,278.662,12.518,441.865,597.063,95.15678360757528,107.33621964747935,99.35709183268514,107.35301263362487,102.98930714656575,102.8675233085018,327.46,105.73526467720167,-2.8677413686998676
2026-02-27,3.065,278.662,12.518,441.865,597.063,95.15678360757528,107.33621964747935,99.35709183268514,107.35301263362487,102.98930714656575,102.8675233085018,327.46,105.73526467720167,-2.8677413686998676
2026-02-28,3.065,278.662,12.518,441.865,597.063,95.15678360757528,107.33621964747935,99.35709183268514,107.35301263362487,102.98930714656575,102.8675233085018,327.46,105.73526467720167,-2.8677413686998676
2026-03-01,3.843,282.916,12.395,442.705,596.067,119.31077305184725,108.97479354123011,98.3808238749107,107.55709426627793,102.81750391990796,106.52779482555884,330.293,106.65002680030224,-0.12223197474339997
2026-03-02,3.843,282.916,12.395,442.705,596.067,119.31077305184725,108.97479354123011,98.3808238749107,107.55709426627793,102.81750391990796,106.52779482555884,330.293,106.65002680030224,-0.12223197474339997
2026-03-03,3.843,282.916,12.395,442.705,596.067,119.31077305184725,108.97479354123011,98.3808238749107,107.55709426627793,102.81750391990796,106.52779482555884,330.293,106.65002680030224,-0.12223197474339997
2026-03-04,3.843,282.916,12.395,442.705,596.067,119.31077305184725,108.97479354123011,98.3808238749107,107.55709426627793,102.81750391990796,106.52779482555884,330.293,106.65002680030224,-0.12223197474339997
2026-03-05,3.843,282.916,12.395,442.705,596.067,119.31077305184725,108.97479354123011,98.3808238749107,107.55709426627793,102.81750391990796,106.52779482555884,330.293,106.65002680030224,-0.12223197474339997
2026-03-06,3.843,282.916,12.395,442.705,596.067,119.31077305184725,108.97479354123011,98.3808238749107,107.55709426627793,102.81750391990796,106.52779482555884,330.293,106.65002680030224,-0.12223197474339997
2026-03-07,3.843,282.916,12.395,442.705,596.067,119.31077305184725,108.97479354123011,98.3808238749107,107.55709426627793,102.81750391990796,106.52779482555884,330.293,106.65002680030224,-0.12223197474339997
2026-03-08,3.843,282.916,12.395,442.705,596.067,119.31077305184725,108.97479354123011,98.3808238749107,107.55709426627793,102.81750391990796,106.52779482555884,330.293,106.65002680030224,-0.12223197474339997
2026-03-09,3.843,282.916,12.395,442.705,596.067,119.31077305184725,108.97479354123011,98.3808238749107,107.55709426627793,102.81750391990796,106.52779482555884,330.293,106.65002680030224,-0.12223197474339997
2026-03-10,3.843,282.916,12.395,442.705,596.067,119.31077305184725,108.97479354123011,98.3808238749107,107.55709426627793,102.81750391990796,106.52779482555884,330.293,106.65002680030224,-0.12223197474339997
2026-03-11,3.843,282.916,12.395,442.705,596.067,119.31077305184725,108.97479354123011,98.3808238749107,107.55709426627793,102.81750391990796,106.52779482555884,330.293,106.65002680030224,-0.12223197474339997
2026-03-12,3.843,282.916,12.395,442.705,596.067,119.31077305184725,108.97479354123011,98.3808238749107,107.55709426627793,102.81750391990796,106.52779482555884,330.293,106.65002680030224,-0.12223197474339997
2026-03-13,3.843,282.916,12.395,442.705,596.067,119.31077305184725,108.97479354123011,98.3808238749107,107.55709426627793,102.81750391990796,106.52779482555884,330.293,106.65002680030224,-0.12223197474339997
2026-03-14,3.843,282.916,12.395,442.705,596.067,119.31077305184725,108.97479354123011,98.3808238749107,107.55709426627793,102.81750391990796,106.52779482555884,330.293,106.65002680030224,-0.12223197474339997
2026-03-15,3.843,282.916,12.395,442.705,596.067,119.31077305184725,108.97479354123011,98.3808238749107,107.55709426627793,102.81750391990796,106.52779482555884,330.293,106.65002680030224,-0.12223197474339997
2026-03-16,3.843,282.916,12.395,442.705,596.067,119.31077305184725,108.97479354123011,98.3808238749107,107.55709426627793,102.81750391990796,106.52779482555884,330.293,106.65002680030224,-0.12223197474339997
2026-03-17,3.843,282.916,12.395,442.705,596.067,119.31077305184725,108.97479354123011,98.3808238749107,107.55709426627793,102.81750391990796,106.52779482555884,330.293,106.65002680030224,-0.12223197474339997
2026-03-18,3.843,282.916,12.395,442.705,596.067,119.31077305184725,108.97479354123011,98.3808238749107,107.55709426627793,102.81750391990796,106.52779482555884,330.293,106.65002680030224,-0.12223197474339997
2026-03-19,3.843,282.916,12.395,442.705,596.067,119.31077305184725,108.97479354123011,98.3808238749107,107.55709426627793,102.81750391990796,106.52779482555884,330.293,106.65002680030224,-0.12223197474339997
2026-03-20,3.843,282.916,12.395,442.705,596.067,119.31077305184725,108.97479354123011,98.3808238749107,107.55709426627793,102.81750391990796,106.52779482555884,330.293,106.65002680030224,-0.12223197474339997
2026-03-21,3.843,282.916,12.395,442.705,596.067,119.31077305184725,108.97479354123011,98.3808238749107,107.55709426627793,102.81750391990796,106.52779482555884,330.293,106.65002680030224,-0.12223197474339997
2026-03-22,3.843,282.916,12.395,442.705,596.067,119.31077305184725,108.97479354123011,98.3808238749107,107.55709426627793,102.81750391990796,106.52779482555884,330.293,106.65002680030224,-0.12223197474339997
2026-03-23,3.843,282.916,12.395,442.705,596.067,119.31077305184725,108.97479354123011,98.3808238749107,107.55709426627793,102.81750391990796,106.52779482555884,330.293,106.65002680030224,-0.12223197474339997
2026-03-24,3.843,282.916,12.395,442.705,596.067,119.31077305184725,108.97479354123011,98.3808238749107,107.55709426627793,102.81750391990796,106.52779482555884,330.293,106.65002680030224,-0.12223197474339997
2026-03-25,3.843,282.916,12.395,442.705,596.067,119.31077305184725,108.97479354123011,98.3808238749107,107.55709426627793,102.81750391990796,106.52779482555884,330.293,106.65002680030224,-0.12223197474339997
2026-03-26,3.843,282.916,12.395,442.705,596.067,119.31077305184725,108.97479354123011,98.3808238749107,107.55709426627793,102.81750391990796,106.52779482555884,330.293,106.65002680030224,-0.12223197474339997
2026-03-27,3.843,282.916,12.395,442.705,596.067,119.31077305184725,108.97479354123011,98.3808238749107,107.55709426627793,102.81750391990796,106.52779482555884,330.293,106.65002680030224,-0.12223197474339997
2026-03-28,3.843,282.916,12.395,442.705,596.067,119.31077305184725,108.97479354123011,98.3808238749107,107.55709426627793,102.81750391990796,106.52779482555884,330.293,106.65002680030224,-0.12223197474339997
2026-03-29,3.843,282.916,12.395,442.705,596.067,119.31077305184725,108.97479354123011,98.3808238749107,107.55709426627793,102.81750391990796,106.52779482555884,330.293,106.65002680030224,-0.12223197474339997
2026-03-30,3.843,282.916,12.395,442.705,596.067,119.31077305184725,108.97479354123011,98.3808238749107,107.55709426627793,102.81750391990796,106.52779482555884,330.293,106.65002680030224,-0.12223197474339997
2026-03-31,3.843,282.916,12.395,442.705,596.067,119.31077305184725,108.97479354123011,98.3808238749107,107.55709426627793,102.81750391990796,106.52779482555884,330.293,106.65002680030224,-0.12223197474339997
2026-04-01,3.843,282.916,12.395,442.705,596.067,119.31077305184725,108.97479354123011,98.3808238749107,107.55709426627793,102.81750391990796,106.52779482555884,330.293,106.65002680030224,-0.12223197474339997
2026-04-02,3.843,282.916,12.395,442.705,596.067,119.31077305184725,108.97479354123011,98.3808238749107,107.55709426627793,102.81750391990796,106.52779482555884,330.293,106.65002680030224,-0.12223197474339997
2026-04-03,3.843,282.916,12.395,442.705,596.067,119.31077305184725,108.97479354123011,98.3808238749107,107.55709426627793,102.81750391990796,106.52779482555884,330.293,106.65002680030224,-0.12223197474339997
2026-04-04,3.843,282.916,12.395,442.705,596.067,119.31077305184725,108.97479354123011,98.3808238749107,107.55709426627793,102.81750391990796,106.52779482555884,330.293,106.65002680030224,-0.12223197474339997
2026-04-05,3.843,282.916,12.395,442.705,596.067,119.31077305184725,108.97479354123011,98.3808238749107,107.55709426627793,102.81750391990796,106.52779482555884,330.293,106.65002680030224,-0.12223197474339997
2026-04-06,3.843,282.916,12.395,442.705,596.067,119.31077305184725,108.97479354123011,98.3808238749107,107.55709426627793,102.81750391990796,106.52779482555884,330.293,106.65002680030224,-0.12223197474339997
2026-04-07,3.843,282.916,12.395,442.705,596.067,119.31077305184725,108.97479354123011,98.3808238749107,107.55709426627793,102.81750391990796,106.52779482555884,330.293,106.65002680030224,-0.12223197474339997
2026-04-08,3.843,282.916,12.395,442.705,596.067,119.31077305184725,108.97479354123011,98.3808238749107,107.55709426627793,102.81750391990796,106.52779482555884,330.293,106.65002680030224,-0.12223197474339997
2026-04-09,3.843,282.916,12.395,442.705,596.067,119.31077305184725,108.97479354123011,98.3808238749107,107.55709426627793,102.81750391990796,106.52779482555884,330.293,106.65002680030224,-0.12223197474339997
2026-04-10,3.843,282.916,12.395,442.705,596.067,119.31077305184725,108.97479354123011,98.3808238749107,107.55709426627793,102.81750391990796,106.52779482555884,330.293,106.65002680030224,-0.12223197474339997
2026-04-11,3.843,282.916,12.395,442.705,596.067,119.31077305184725,108.97479354123011,98.3808238749107,107.55709426627793,102.81750391990796,106.52779482555884,330.293,106.65002680030224,-0.12223197474339997
